Account Type,Fund Name,Account Name,Account Number,Account Comments,Beginning Balance,Jan Activity,Feb Activity,Mar Activity,Apr Activity,May Activity,Jun Activity,Jul Activity,Aug Activity,Sep Activity,Oct Activity,Nov Activity,Dec Activity
Asset,,Cambridge Savings Bank Checking,1.010.002.000,,"115,526.86","-2,570.60","-36,001.18","19,343.07","10,314.13","-7,691.32","7,108.53","8,578.48","-3,006.01","-1,949.26","3,166.32",0.00,0.00
Asset,,UCF Moderate Balanced Fund (Legacy),1.030.002.001,,"220,672.45",0.00,0.00,"-2,418.49",0.00,0.00,"-2,023.47",0.00,0.00,"3,392.46",0.00,0.00,0.00
Asset,,UCF Moderate Balanced Fund (Hayes),1.030.002.002,,"100,765.39",0.00,0.00,"-1,104.35",0.00,0.00,-923.97,0.00,0.00,"1,549.09",0.00,0.00,0.00
Asset,,UCF Moderate Balanced Fund (Skinner/Hall),1.030.002.003,,"3,558.57",0.00,0.00,-39.00,0.00,0.00,-32.63,0.00,0.00,54.71,0.00,0.00,0.00
Asset,,UCF Moderate Balanced Fund (Memorial),1.030.002.004,,"52,778.92",0.00,0.00,-376.63,0.00,0.00,-210.46,0.00,0.00,"1,009.82",0.00,0.00,0.00
Asset,,UCF Moderate Balanced Fund (PSCC),1.030.002.005,,"171,982.49",0.00,0.00,"-1,310.58",0.00,0.00,-685.45,0.00,0.00,"3,288.92",0.00,0.00,0.00
Asset,,T Rowe Price Equity Income Fund (Jackson),1.030.005.000,,"58,805.06",0.00,0.00,"-1,320.27",0.00,0.00,"1,029.11",0.00,0.00,"2,332.35",0.00,0.00,0.00
Asset,,Domini Social Equity Fund (Jennings),1.030.005.020,,"4,499.66",0.00,0.00,-31.51,0.00,0.00,-9.26,0.00,0.00,290.01,0.00,0.00,0.00
Asset,,Cambridge Savings Bank CD (Smith),1.030.005.030,,"16,300.00",0.00,0.00,"-16,300.00",0.00,0.00,0.00,0.00,0.00,0.00,0.00,0.00,0.00
Asset,,ManuLife (Capital Campaign 2009),1.030.005.040,,"3,725.16",0.00,0.00,-407.16,0.00,0.00,-108.93,0.00,0.00,-16.07,0.00,0.00,0.00
Asset,,Schwab One Account,1.030.006.000,,"1,000.72",0.00,0.00,0.28,0.00,0.00,0.37,0.00,0.00,0.55,0.00,0.00,0.00
Asset,,Cash,1.060.000.000,,0.00,0.00,0.00,0.00,0.00,0.00,0.00,0.00,0.00,0.00,0.00,0.00,0.00
Liability,,A Place to Grow,,,0.00,0.00,0.00,0.00,0.00,0.00,0.00,0.00,0.00,0.00,0.00,0.00,0.00
Liability,,A&M Roofing and Sheet Metal Co. Inc.,,,0.00,0.00,0.00,0.00,0.00,0.00,0.00,0.00,0.00,0.00,0.00,0.00,0.00
Liability,,Abbey Press,,,0.00,0.00,0.00,0.00,0.00,0.00,0.00,0.00,0.00,0.00,0.00,0.00,0.00
Liability,,Action Lock & Key Inc,,,0.00,0.00,0.00,0.00,73.00,-73.00,0.00,0.00,0.00,0.00,0.00,0.00,0.00
Liability,,Adam Russell,,,0.00,0.00,0.00,0.00,0.00,0.00,0.00,0.00,0.00,0.00,0.00,0.00,0.00
Liability,,AHS General Fund,,,0.00,0.00,0.00,0.00,0.00,0.00,0.00,0.00,0.00,0.00,0.00,0.00,0.00
Liability,,American Alarm,,,142.00,0.00,-142.00,"-1,184.00","1,184.00",0.00,-139.92,139.92,402.00,-402.00,0.00,0.00,0.00
Liability,,American Express,,,0.00,0.00,0.00,0.00,0.00,0.00,0.00,0.00,0.00,0.00,0.00,0.00,0.00
Liability,,AmSan,,,0.00,0.00,0.00,0.00,0.00,0.00,0.00,0.00,0.00,0.00,0.00,0.00,0.00
Liability,,Andover Newton Theological School,,,0.00,0.00,0.00,0.00,0.00,0.00,0.00,0.00,0.00,0.00,0.00,0.00,0.00
Liability,,Andrea Hart,,,0.00,337.06,-337.06,0.00,0.00,0.00,0.00,0.00,0.00,0.00,0.00,0.00,0.00
Liability,,Anita Clarke,,,0.00,0.00,0.00,0.00,0.00,-58.50,0.00,0.00,0.00,0.00,0.00,0.00,0.00
Liability,,Ann Bruhn,,,0.00,0.00,0.00,0.00,0.00,0.00,0.00,0.00,0.00,0.00,0.00,0.00,0.00
Liability,,Anne Kelly Contini,,,0.00,0.00,0.00,0.00,0.00,0.00,0.00,0.00,0.00,0.00,0.00,0.00,0.00
Liability,,"ArborCare Tree Service, Inc.",,,0.00,0.00,0.00,0.00,0.00,0.00,0.00,0.00,0.00,0.00,0.00,0.00,0.00
Liability,,Arlington Appliance,,,0.00,0.00,0.00,0.00,0.00,0.00,0.00,0.00,0.00,0.00,0.00,0.00,0.00
Liability,,Arlington Boy's & Girl's Club,,,0.00,0.00,0.00,0.00,0.00,0.00,0.00,0.00,0.00,0.00,0.00,0.00,0.00
Liability,,Arlington Center for the Arts,,,0.00,0.00,0.00,0.00,0.00,0.00,0.00,0.00,0.00,0.00,0.00,0.00,0.00
Liability,,Arlington Council on Aging,,,0.00,0.00,0.00,0.00,0.00,0.00,0.00,0.00,0.00,0.00,0.00,0.00,0.00
Liability,,Arlington EATS,,,0.00,0.00,0.00,0.00,0.00,0.00,0.00,0.00,0.00,0.00,0.00,0.00,0.00
Liability,,Arlington Food Pantry,,,0.00,0.00,0.00,0.00,0.00,0.00,0.00,0.00,0.00,0.00,0.00,0.00,0.00
Liability,,Arlington Housing Authority,,,0.00,0.00,0.00,0.00,0.00,0.00,0.00,0.00,0.00,0.00,0.00,0.00,0.00
Liability,,Arlington Police Dept.,,,0.00,0.00,0.00,0.00,0.00,0.00,0.00,0.00,0.00,0.00,0.00,0.00,0.00
Liability,,Arlington Recreation,,,0.00,0.00,0.00,0.00,0.00,0.00,0.00,0.00,0.00,0.00,0.00,0.00,0.00
Liability,,Arlington Swifty Printing,,,0.00,0.00,0.00,0.00,0.00,0.00,0.00,0.00,0.00,0.00,0.00,0.00,0.00
Liability,,Arlington Town Day 2014,,,0.00,0.00,0.00,0.00,0.00,0.00,0.00,0.00,0.00,0.00,0.00,0.00,0.00
Liability,,Arlington Youth Consuling Center,,,0.00,0.00,0.00,0.00,0.00,0.00,0.00,0.00,0.00,0.00,0.00,0.00,0.00
Liability,,Atlas Alarm Corp.,,,0.00,0.00,0.00,0.00,0.00,0.00,0.00,0.00,0.00,0.00,0.00,0.00,0.00
Liability,,Barbara Wagner,,,0.00,0.00,0.00,0.00,0.00,0.00,0.00,0.00,0.00,0.00,0.00,0.00,0.00
Liability,,Beaujolais Catering,,,0.00,0.00,0.00,0.00,0.00,0.00,0.00,0.00,0.00,0.00,0.00,0.00,0.00
Liability,,Betty Gitlin-Rich,,,0.00,0.00,18.05,-18.05,0.00,0.00,0.00,0.00,0.00,0.00,0.00,0.00,0.00
Liability,,Beverly Miller,,,0.00,0.00,0.00,0.00,0.00,0.00,0.00,0.00,0.00,0.00,0.00,0.00,0.00
Liability,,Bonnie Hayner,,,0.00,0.00,0.00,0.00,0.00,0.00,0.00,0.00,0.00,0.00,0.00,0.00,0.00
Liability,,Budget Exteriors,,,0.00,0.00,0.00,0.00,0.00,0.00,0.00,0.00,0.00,0.00,0.00,0.00,0.00
Liability,,Business Card,,,"1,430.43",-3.80,193.26,-813.28,-534.06,168.96,-441.51,372.16,706.95,-921.67,-157.44,0.00,0.00
Liability,,C.C.R.P.H Inc.,,,0.00,0.00,0.00,0.00,0.00,0.00,0.00,0.00,0.00,0.00,0.00,0.00,0.00
Liability,,C.H. Jonasson Corp.,,,0.00,0.00,0.00,0.00,0.00,0.00,0.00,0.00,0.00,0.00,0.00,0.00,0.00
Liability,,Cambridge Savings Bank,,,0.00,0.00,0.00,0.00,0.00,0.00,0.00,0.00,0.00,0.00,-72.00,72.00,0.00
Liability,,Candace Temple,,,0.00,0.00,0.00,0.00,0.00,0.00,0.00,0.00,0.00,0.00,0.00,0.00,0.00
Liability,,Carole Lawton,,,0.00,0.00,0.00,0.00,0.00,0.00,0.00,0.00,0.00,0.00,0.00,0.00,0.00
Liability,,Cash ExpVendor,,,0.00,0.00,0.00,0.00,0.00,0.00,0.00,0.00,0.00,0.00,0.00,0.00,0.00
Liability,,Channing Bete Co Inc,,,0.00,0.00,0.00,0.00,0.00,0.00,0.00,0.00,0.00,0.00,0.00,0.00,0.00
Liability,,Chaplains on the Way,,,0.00,0.00,0.00,0.00,0.00,0.00,0.00,0.00,0.00,0.00,0.00,0.00,0.00
Liability,,"Charles Schwab & Co., Inc.",,,0.00,0.00,0.00,0.00,0.00,0.00,0.00,0.00,0.00,0.00,0.00,0.00,0.00
Liability,,Children's Ministry Magazine,,,0.00,0.00,0.00,0.00,0.00,0.00,0.00,0.00,0.00,0.00,0.00,0.00,0.00
Liability,,Children's Worship Bulletins,,,0.00,0.00,0.00,0.00,0.00,0.00,0.00,0.00,0.00,0.00,0.00,0.00,0.00
Liability,,Christie Getto Young,,,0.00,0.00,0.00,0.00,0.00,0.00,0.00,0.00,0.00,0.00,0.00,0.00,0.00
Liability,,Christine Rochon,,,0.00,0.00,0.00,0.00,0.00,0.00,0.00,0.00,0.00,0.00,0.00,0.00,0.00
Liability,,Christopher Aaron Smith,,,0.00,0.00,0.00,0.00,0.00,0.00,0.00,0.00,0.00,0.00,0.00,0.00,0.00
Liability,,Christopher O'Hara,,,0.00,0.00,0.00,0.00,0.00,0.00,0.00,0.00,0.00,0.00,0.00,0.00,0.00
Liability,,Church World Service,,,0.00,0.00,0.00,0.00,0.00,0.00,0.00,0.00,0.00,0.00,0.00,0.00,0.00
Liability,,"CIT Technology Fin. Serv., Inc.",,,0.00,199.00,-199.00,0.00,0.00,0.00,0.00,0.00,0.00,0.00,0.00,0.00,0.00
Liability,,City Mission Boston,,,0.00,0.00,0.00,0.00,0.00,0.00,0.00,0.00,0.00,0.00,0.00,0.00,0.00
Liability,,Classic Plumbing,,,0.00,0.00,0.00,0.00,0.00,0.00,0.00,0.00,0.00,0.00,0.00,0.00,0.00
Liability,,CMS Medicare Insurance,,,0.00,0.00,0.00,0.00,0.00,0.00,0.00,0.00,0.00,0.00,0.00,0.00,0.00
Liability,,Coast Maintenance Supply Co.,,,0.00,0.00,0.00,0.00,0.00,0.00,0.00,0.00,543.00,-543.00,0.00,0.00,0.00
Liability,,Cody Floral Designs,,,677.00,-513.00,80.00,0.00,190.00,-434.00,165.00,49.00,120.00,210.00,-544.00,0.00,0.00
Liability,,Cokesbury,,,0.00,0.00,0.00,0.00,0.00,0.00,0.00,0.00,0.00,0.00,0.00,0.00,0.00
Liability,,Colman Reboi,,,0.00,0.00,0.00,0.00,0.00,0.00,0.00,0.00,0.00,0.00,0.00,0.00,0.00
Liability,,Commonwealth of Massachusetts,,,0.00,0.00,0.00,0.00,0.00,0.00,0.00,0.00,0.00,0.00,0.00,0.00,0.00
Liability,,Commonwealth of Massachusetts - Boiler Inspection,,,50.00,-50.00,0.00,0.00,0.00,0.00,0.00,0.00,0.00,0.00,0.00,0.00,0.00
Liability,,Communities for Restorative Justice,,,0.00,0.00,0.00,0.00,0.00,0.00,0.00,0.00,0.00,0.00,0.00,0.00,0.00
Liability,,"Communities for Restorative Justice, In",,,0.00,0.00,0.00,0.00,0.00,0.00,0.00,0.00,0.00,0.00,0.00,0.00,0.00
Liability,,Community Newspaper Company,,,0.00,0.00,0.00,0.00,0.00,0.00,0.00,0.00,0.00,0.00,0.00,0.00,0.00
Liability,,Computer Helper Publishing,,,499.00,-499.00,0.00,0.00,0.00,0.00,0.00,0.00,0.00,0.00,0.00,0.00,0.00
Liability,,"Concordia Supply Co., Inc.",,,0.00,0.00,0.00,0.00,0.00,0.00,0.00,0.00,0.00,0.00,0.00,0.00,0.00
Liability,,Connie Dugan,,,0.00,0.00,0.00,0.00,-60.00,30.00,0.00,0.00,0.00,0.00,0.00,0.00,0.00
Liability,,Cooperative Metropolitan Ministries,,,0.00,0.00,0.00,0.00,0.00,0.00,0.00,0.00,0.00,0.00,0.00,0.00,0.00
Liability,,Co-Operative Metropolitan Ministries,,,0.00,0.00,0.00,0.00,0.00,0.00,0.00,0.00,0.00,0.00,0.00,0.00,0.00
Liability,,Corporate Warehouse Supply,,,0.00,0.00,0.00,0.00,0.00,0.00,0.00,0.00,0.00,0.00,0.00,0.00,0.00
Liability,,Craigville Conference Center,,,0.00,0.00,0.00,0.00,0.00,0.00,0.00,0.00,0.00,0.00,0.00,0.00,0.00
Liability,,Creative Communications for the Parish,,,0.00,0.00,0.00,0.00,0.00,0.00,0.00,0.00,0.00,0.00,0.00,0.00,0.00
Liability,,"Cubby Oil Co., Inc.",,,"3,452.29",551.20,-949.37,-762.57,-294.28,"-1,616.27",-381.00,313.24,32.01,602.47,-947.72,0.00,0.00
Liability,,Cynthia Maybeck,,,0.00,0.00,0.00,0.00,0.00,0.00,0.00,0.00,0.00,0.00,0.00,0.00,0.00
Liability,,Cyr Sign & Banner Company,,,0.00,0.00,0.00,0.00,0.00,0.00,0.00,0.00,0.00,0.00,0.00,0.00,0.00
Liability,,D'Agostino's Delicatessen,,,0.00,0.00,0.00,0.00,0.00,0.00,0.00,0.00,0.00,0.00,0.00,0.00,0.00
Liability,,Daniel G. Frost,,,0.00,0.00,0.00,0.00,0.00,0.00,0.00,0.00,0.00,0.00,0.00,0.00,0.00
Liability,,D'Arrigo Masonry and Landscape,,,0.00,0.00,0.00,0.00,0.00,0.00,0.00,0.00,"6,120.00","-6,120.00",0.00,0.00,0.00
Liability,,Deborah G. Douglas,,,0.00,0.00,0.00,0.00,0.00,0.00,0.00,0.00,0.00,0.00,0.00,0.00,0.00
Liability,,Deluxe for Business,,,0.00,0.00,0.00,0.00,0.00,0.00,0.00,0.00,0.00,0.00,0.00,0.00,0.00
Liability,,Denson Staples,,,0.00,0.00,0.00,0.00,0.00,0.00,0.00,0.00,0.00,0.00,0.00,0.00,0.00
Liability,,Department of Public Safety,,,0.00,0.00,0.00,0.00,0.00,0.00,0.00,0.00,0.00,0.00,0.00,0.00,0.00
Liability,,Diane Wells,,,0.00,0.00,0.00,0.00,0.00,0.00,0.00,0.00,0.00,0.00,0.00,0.00,0.00
Liability,,Domain Registry of America,,,0.00,0.00,0.00,0.00,0.00,0.00,0.00,0.00,0.00,0.00,0.00,0.00,0.00
Liability,,Domini Social Investments,,,0.00,0.00,0.00,0.00,0.00,0.00,0.00,0.00,0.00,0.00,0.00,0.00,0.00
Liability,,Donald Cohn,,,0.00,0.00,0.00,0.00,0.00,0.00,0.00,0.00,0.00,0.00,0.00,0.00,0.00
Liability,,Dorchester Special Athletes,,,0.00,0.00,0.00,0.00,600.00,-600.00,0.00,0.00,0.00,0.00,0.00,0.00,0.00
Liability,,Doris Wilson,,,0.00,0.00,0.00,0.00,0.00,0.00,0.00,0.00,0.00,0.00,0.00,0.00,0.00
Liability,,Dorothy Gibson,,,0.00,0.00,0.00,0.00,0.00,0.00,0.00,0.00,0.00,0.00,0.00,0.00,0.00
Liability,,Douglas Record,,,0.00,0.00,0.00,0.00,0.00,0.00,0.00,0.00,0.00,0.00,0.00,0.00,0.00
Liability,,"East Coast Electronics Co., Inc.",,,0.00,0.00,0.00,0.00,0.00,0.00,0.00,0.00,0.00,0.00,0.00,0.00,0.00
Liability,,Ecolab Inc,,,0.00,0.00,0.00,0.00,0.00,0.00,0.00,0.00,0.00,0.00,0.00,0.00,0.00
Liability,,Edith Burge,,,0.00,0.00,0.00,0.00,0.00,0.00,0.00,0.00,0.00,0.00,0.00,0.00,0.00
Liability,,Elizabeth Dokos,,,0.00,0.00,0.00,0.00,0.00,0.00,0.00,0.00,0.00,0.00,0.00,0.00,0.00
Liability,,Ellen Breslin,,,0.00,0.00,0.00,0.00,0.00,0.00,0.00,0.00,0.00,0.00,0.00,0.00,0.00
Liability,,Ellen Contini,,,0.00,0.00,0.00,0.00,0.00,0.00,0.00,0.00,0.00,0.00,0.00,0.00,0.00
Liability,,Ellen Rohan Ball,,,0.00,0.00,0.00,0.00,0.00,0.00,0.00,0.00,0.00,0.00,0.00,0.00,0.00
Liability,,Emery & Webb Inc,,,0.00,0.00,0.00,0.00,0.00,0.00,0.00,0.00,0.00,0.00,0.00,0.00,0.00
Liability,,Eric Rochon,,,0.00,0.00,0.00,0.00,0.00,0.00,0.00,0.00,0.00,0.00,0.00,0.00,0.00
Liability,,Evelyn Griffin,,,0.00,0.00,0.00,0.00,0.00,0.00,0.00,0.00,0.00,0.00,0.00,0.00,0.00
Liability,,Eversource,,,0.00,654.55,-654.55,0.00,0.00,0.00,0.00,0.00,0.00,0.00,0.00,0.00,0.00
Liability,,First Congregational Church of Houston,,,0.00,0.00,0.00,193.37,-193.37,0.00,0.00,0.00,0.00,0.00,0.00,0.00,0.00
Liability,,"Folk Arts Center of New England, Inc.",,,0.00,0.00,0.00,0.00,0.00,0.00,0.00,0.00,0.00,0.00,0.00,0.00,0.00
Liability,,Francisco Casanova,,,0.00,0.00,0.00,0.00,0.00,0.00,0.00,0.00,0.00,0.00,0.00,0.00,0.00
Liability,,"Garaventa USA, Inc. - New England",,,0.00,0.00,0.00,0.00,0.00,0.00,0.00,0.00,0.00,0.00,0.00,0.00,0.00
Liability,,Gary Ford,,,0.00,0.00,0.00,0.00,0.00,0.00,0.00,0.00,0.00,0.00,0.00,0.00,0.00
Liability,,Gary Kane,,,"21,633.21",0.00,"-21,633.21",0.00,0.00,0.00,0.00,0.00,0.00,0.00,0.00,0.00,0.00
Liability,,GateHouse Media NE,,,0.00,0.00,0.00,0.00,0.00,0.00,0.00,0.00,0.00,0.00,0.00,0.00,0.00
Liability,,Germaine Laurence School,,,0.00,0.00,0.00,0.00,0.00,0.00,0.00,0.00,0.00,0.00,0.00,0.00,0.00
Liability,,Greater Boston Legal Services,,,0.00,0.00,0.00,0.00,895.00,-895.00,0.00,0.00,0.00,0.00,0.00,0.00,0.00
Liability,,Grotonwood,,,0.00,0.00,0.00,0.00,0.00,0.00,0.00,0.00,0.00,0.00,0.00,0.00,0.00
Liability,,Group Magazine,,,0.00,0.00,0.00,0.00,0.00,0.00,0.00,0.00,0.00,0.00,0.00,0.00,0.00
Liability,,Grow A Strong Family,,,0.00,0.00,0.00,0.00,0.00,0.00,0.00,0.00,0.00,0.00,0.00,0.00,0.00
Liability,,GuideOne Insurance,,,429.00,-429.00,0.00,0.00,0.00,0.00,0.00,"10,112.00","-10,112.00",0.00,0.00,0.00,0.00
Liability,,H.J. Arseneault Masonry,,,0.00,0.00,0.00,0.00,0.00,0.00,0.00,0.00,0.00,0.00,0.00,0.00,0.00
Liability,,Han Nah Son,,,0.00,0.00,0.00,0.00,0.00,0.00,0.00,0.00,0.00,0.00,0.00,0.00,0.00
Liability,,Hartford Seminary,,,0.00,0.00,0.00,0.00,0.00,0.00,0.00,0.00,0.00,0.00,0.00,0.00,0.00
Liability,,Hayes Construction Services,,,0.00,0.00,0.00,0.00,0.00,0.00,0.00,0.00,0.00,0.00,0.00,0.00,0.00
Liability,,Heather Chatfield,,,0.00,0.00,0.00,0.00,0.00,0.00,0.00,0.00,0.00,0.00,0.00,0.00,0.00
Liability,,Heather Groves,,,0.00,0.00,0.00,0.00,0.00,0.00,0.00,0.00,0.00,0.00,0.00,0.00,0.00
Liability,,Heather Lucas,,,0.00,0.00,0.00,0.00,0.00,0.00,0.00,0.00,0.00,0.00,0.00,0.00,0.00
Liability,,Heifer International,,,0.00,0.00,0.00,0.00,0.00,0.00,0.00,0.00,0.00,0.00,0.00,0.00,0.00
Liability,,Henri Lahaise & Son,,,0.00,0.00,0.00,0.00,0.00,0.00,0.00,0.00,0.00,0.00,0.00,0.00,0.00
Liability,,Hiroya Tsukamoto,,,0.00,0.00,0.00,0.00,0.00,0.00,0.00,0.00,0.00,0.00,0.00,0.00,0.00
Liability,,Hobart Service,,,0.00,0.00,0.00,0.00,0.00,0.00,0.00,0.00,0.00,0.00,0.00,0.00,0.00
Liability,,Homes for Our Troops,,,0.00,0.00,0.00,0.00,0.00,0.00,0.00,0.00,0.00,0.00,0.00,0.00,0.00
Liability,,Honda Financial Services,,,0.00,0.00,0.00,0.00,0.00,0.00,0.00,0.00,0.00,0.00,0.00,0.00,0.00
Liability,,Hong Chin,,,0.00,0.00,0.00,0.00,0.00,0.00,0.00,0.00,0.00,0.00,0.00,0.00,0.00
Liability,,Housing Corporation of Arlington,,,0.00,0.00,0.00,0.00,0.00,0.00,0.00,0.00,0.00,0.00,0.00,0.00,0.00
Liability,,International Institute of New England,,,0.00,0.00,0.00,0.00,0.00,0.00,0.00,0.00,0.00,0.00,0.00,0.00,0.00
Liability,,International Institute of New England - Developme,,,0.00,0.00,0.00,0.00,0.00,0.00,0.00,0.00,0.00,0.00,0.00,0.00,0.00
Liability,,International Institute of New England - Lowell,,,0.00,0.00,0.00,0.00,0.00,0.00,0.00,0.00,0.00,0.00,0.00,0.00,0.00
Liability,,International Rescue Committee,,,0.00,0.00,0.00,0.00,0.00,0.00,0.00,0.00,0.00,0.00,0.00,0.00,0.00
Liability,,James Galvin Electric Company,,,0.00,0.00,0.00,0.00,0.00,0.00,0.00,0.00,0.00,0.00,0.00,0.00,0.00
Liability,,James Gannon,,,0.00,0.00,0.00,0.00,0.00,0.00,0.00,0.00,0.00,0.00,0.00,0.00,0.00
Liability,,James R. DeVito Carpentry,,,0.00,0.00,0.00,0.00,0.00,0.00,0.00,0.00,0.00,0.00,0.00,0.00,0.00
Liability,,Jan Roberts-Breslin,,,0.00,0.00,0.00,0.00,0.00,0.00,0.00,0.00,0.00,0.00,0.00,0.00,0.00
Liability,,Janet Forte,,,0.00,0.00,0.00,0.00,0.00,0.00,0.00,0.00,0.00,0.00,0.00,0.00,0.00
Liability,,Jean Littlejohn,,,0.00,0.00,0.00,0.00,0.00,0.00,0.00,0.00,0.00,0.00,0.00,0.00,0.00
Liability,,Jeanne Domenichella,,,0.00,0.00,0.00,0.00,0.00,0.00,0.00,0.00,0.00,0.00,0.00,0.00,0.00
Liability,,Jeffrey Brody,,,0.00,0.00,0.00,0.00,0.00,0.00,0.00,0.00,0.00,0.00,0.00,0.00,0.00
Liability,,Jeffrey Mead,,,0.00,0.00,0.00,0.00,0.00,0.00,0.00,0.00,0.00,0.00,0.00,0.00,0.00
Liability,,Jeffrey Steinheider,,,0.00,0.00,0.00,0.00,0.00,0.00,0.00,0.00,0.00,0.00,0.00,0.00,0.00
Liability,,Jeremy Grant,,,0.00,0.00,0.00,0.00,0.00,0.00,0.00,0.00,0.00,0.00,0.00,0.00,0.00
Liability,,Jill H Small,,,0.00,225.24,-225.24,0.00,0.00,0.00,0.00,0.00,0.00,0.00,0.00,0.00,0.00
Liability,,Jill Lewis,,,0.00,30.00,-30.00,0.00,0.00,0.00,0.00,0.00,0.00,0.00,0.00,0.00,0.00
Liability,,Jim Mitulski,,,0.00,0.00,0.00,0.00,0.00,0.00,0.00,0.00,0.00,0.00,0.00,0.00,0.00
Liability,,Jim Thomas,,,0.00,0.00,0.00,0.00,0.00,0.00,0.00,0.00,0.00,0.00,0.00,0.00,0.00
Liability,,Joanna Porackova,,,0.00,0.00,0.00,0.00,0.00,0.00,0.00,0.00,0.00,0.00,0.00,0.00,0.00
Liability,,"Joe Sloane Pipe Organs, LLC",,,0.00,300.00,0.00,0.00,-300.00,0.00,0.00,0.00,0.00,0.00,0.00,0.00,0.00
Liability,,John Charles Allen,,,0.00,0.00,0.00,0.00,0.00,0.00,0.00,0.00,0.00,0.00,0.00,0.00,0.00
Liability,,John Vitale,,,0.00,0.00,0.00,0.00,0.00,0.00,0.00,0.00,0.00,0.00,0.00,0.00,0.00
Liability,,John Zehring,,,0.00,0.00,0.00,0.00,0.00,0.00,0.00,0.00,0.00,0.00,0.00,0.00,0.00
Liability,,Joscelyn Moore,,,0.00,0.00,0.00,0.00,0.00,0.00,0.00,0.00,0.00,0.00,0.00,0.00,0.00
Liability,,Josh Young,,,0.00,0.00,0.00,0.00,0.00,0.00,0.00,0.00,0.00,0.00,0.00,0.00,0.00
Liability,,Judith Ann Phelps,,,0.00,0.00,0.00,0.00,0.00,0.00,0.00,0.00,0.00,0.00,0.00,0.00,0.00
Liability,,Judy Brain,,,0.00,0.00,0.00,0.00,0.00,0.00,0.00,0.00,0.00,0.00,0.00,0.00,0.00
Liability,,Julia Lee,,,0.00,0.00,0.00,0.00,0.00,0.00,0.00,0.00,0.00,0.00,0.00,0.00,0.00
Liability,,Just Peace Players,,,0.00,0.00,0.00,0.00,0.00,0.00,0.00,0.00,0.00,0.00,0.00,0.00,0.00
Liability,,Justin Callahan,,,0.00,0.00,0.00,-225.00,225.00,0.00,0.00,0.00,0.00,0.00,0.00,0.00,0.00
Liability,,JW Construction,,,0.00,0.00,0.00,0.00,0.00,0.00,0.00,0.00,0.00,0.00,0.00,0.00,0.00
Liability,,JW Pepper,,,0.00,0.00,0.00,0.00,0.00,0.00,0.00,0.00,0.00,0.00,0.00,0.00,0.00
Liability,,Karen Burciaga,,,0.00,0.00,0.00,0.00,0.00,0.00,0.00,0.00,0.00,0.00,0.00,0.00,0.00
Liability,,Karen Friedman,,,0.00,0.00,0.00,0.00,0.00,0.00,0.00,0.00,0.00,0.00,0.00,0.00,0.00
Liability,,Karen Martin,,,0.00,0.00,0.00,-225.00,225.00,0.00,0.00,0.00,0.00,0.00,0.00,0.00,0.00
Liability,,Karen Stark,,,0.00,0.00,0.00,0.00,0.00,0.00,0.00,0.00,0.00,0.00,0.00,0.00,0.00
Liability,,Katharine P. Lindheim,,,0.00,159.88,-92.99,74.84,-141.73,0.00,0.00,0.00,0.00,0.00,0.00,0.00,0.00
Liability,,Kathleen Fink,,,0.00,0.00,0.00,0.00,0.00,0.00,0.00,0.00,0.00,0.00,0.00,0.00,0.00
Liability,,Katie Omberg,,,0.00,0.00,0.00,0.00,0.00,0.00,0.00,0.00,0.00,0.00,0.00,0.00,0.00
Liability,,Keane Fire & Safety Equipment Co Inc,,,0.00,0.00,0.00,0.00,0.00,0.00,0.00,0.00,0.00,0.00,0.00,0.00,0.00
Liability,,Kenneth Miller,,,0.00,0.00,0.00,0.00,0.00,0.00,0.00,0.00,0.00,0.00,0.00,0.00,0.00
Liability,,Knollmeyer Building Corp.,,,0.00,0.00,0.00,0.00,0.00,0.00,0.00,0.00,0.00,0.00,0.00,0.00,0.00
Liability,,Knox Company,,,0.00,0.00,0.00,0.00,0.00,0.00,0.00,0.00,0.00,0.00,0.00,0.00,0.00
Liability,,Kyocera,,,0.00,0.00,0.00,0.00,0.00,0.00,0.00,0.00,0.00,0.00,0.00,0.00,0.00
Liability,,Laney's Munchies,,,0.00,0.00,0.00,0.00,0.00,0.00,0.00,0.00,0.00,0.00,0.00,0.00,0.00
Liability,,Laurel Collins,,,0.00,0.00,0.00,0.00,0.00,0.00,0.00,0.00,0.00,0.00,0.00,0.00,0.00
Liability,,Lauren Evans,,,0.00,0.00,0.00,0.00,0.00,0.00,0.00,0.00,0.00,0.00,0.00,0.00,0.00
Liability,,LEAF,,,0.00,0.00,0.00,0.00,0.00,0.00,0.00,0.00,199.00,-199.00,0.00,0.00,0.00
Liability,,Leah Lyman Waldron,,,"3,066.92","-2,869.84",45.18,60.61,7.99,0.00,0.00,0.00,322.96,0.00,5.99,0.00,0.00
Liability,,Lexington Christian Academy,,,0.00,0.00,0.00,0.00,0.00,0.00,0.00,0.00,0.00,0.00,0.00,0.00,0.00
Liability,,Lexington Lawn Care Services,,,0.00,0.00,555.00,-555.00,0.00,0.00,0.00,0.00,0.00,0.00,0.00,0.00,0.00
Liability,,LGBT Asylum Support Task Force,,,0.00,0.00,0.00,0.00,0.00,0.00,0.00,0.00,0.00,0.00,0.00,0.00,0.00
Liability,,Liberty Mutual Insurance,,,0.00,0.00,0.00,0.00,0.00,0.00,0.00,0.00,0.00,0.00,0.00,0.00,0.00
Liability,,Life Touch Directories and Portraits,,,0.00,0.00,0.00,0.00,0.00,0.00,0.00,0.00,0.00,0.00,0.00,0.00,0.00
Liability,,Liliana Paniyeva,,,0.00,0.00,0.00,0.00,0.00,0.00,0.00,0.00,0.00,0.00,0.00,0.00,0.00
Liability,,Linda Cohn,,,0.00,0.00,0.00,0.00,0.00,0.00,0.00,0.00,0.00,0.00,0.00,0.00,0.00
Liability,,Liz McNenny,,,0.00,0.00,0.00,0.00,0.00,0.00,0.00,0.00,0.00,0.00,0.00,0.00,0.00
Liability,,Logos Productions Inc,,,0.00,0.00,0.00,0.00,0.00,0.00,0.00,0.00,0.00,0.00,0.00,0.00,0.00
Liability,,Lorraine Lueft,,,0.00,0.00,0.00,0.00,0.00,0.00,0.00,0.00,0.00,0.00,0.00,0.00,0.00
Liability,,Lowe's Business Account/GECRB,,,0.00,0.00,0.00,199.77,-199.77,0.00,0.00,0.00,0.00,0.00,0.00,0.00,0.00
Liability,,Margaret Bell,,,0.00,0.00,0.00,0.00,0.00,0.00,0.00,0.00,0.00,0.00,0.00,0.00,0.00
Liability,,Maria Yunis,,,0.00,0.00,0.00,0.00,0.00,0.00,0.00,0.00,0.00,0.00,0.00,0.00,0.00
Liability,,Mariamne Boothby,,,0.00,0.00,0.00,0.00,0.00,0.00,0.00,0.00,0.00,0.00,0.00,0.00,0.00
Liability,,Mariann Donovan,,,0.00,0.00,0.00,0.00,0.00,0.00,0.00,0.00,0.00,0.00,0.00,0.00,0.00
Liability,,Marie K Richardson,,,0.00,0.00,0.00,0.00,0.00,0.00,0.00,0.00,0.00,0.00,0.00,0.00,0.00
Liability,,Marie-Elena Moloney,,,0.00,0.00,0.00,0.00,0.00,0.00,0.00,0.00,0.00,0.00,0.00,0.00,0.00
Liability,,Mark Tuttle,,,0.00,0.00,0.00,0.00,0.00,0.00,0.00,0.00,0.00,0.00,0.00,0.00,0.00
Liability,,Martin Luther King Celebration,,,0.00,0.00,0.00,0.00,0.00,0.00,0.00,0.00,0.00,0.00,0.00,0.00,0.00
Liability,,Mary Ann Beatty,,,0.00,0.00,0.00,0.00,0.00,0.00,0.00,0.00,0.00,0.00,0.00,0.00,0.00
Liability,,Mary Raczko,,,0.00,0.00,0.00,0.00,0.00,0.00,0.00,0.00,0.00,0.00,0.00,0.00,0.00
Liability,,Marytha Paffrath,,,0.00,0.00,0.00,0.00,0.00,0.00,0.00,0.00,0.00,0.00,0.00,0.00,0.00
Liability,,Mass Advantage Payroll,,,0.00,0.00,0.00,"-1,375.82","1,295.54",80.28,0.00,0.00,0.00,0.00,0.00,0.00,0.00
Liability,,Massachusetts Coalition for the Homeless,,,0.00,0.00,0.00,0.00,0.00,0.00,0.00,0.00,0.00,0.00,0.00,0.00,0.00
Liability,,Massachusetts Conference United Church of Christ,,,0.00,810.00,-810.00,0.00,0.00,0.00,0.00,0.00,0.00,0.00,0.00,0.00,0.00
Liability,,Massachusetts Interfaith Power & Light,,,0.00,0.00,0.00,0.00,0.00,0.00,0.00,0.00,0.00,0.00,0.00,0.00,0.00
Liability,,MBA,,,0.00,0.00,0.00,0.00,0.00,0.00,0.00,0.00,0.00,0.00,0.00,0.00,0.00
Liability,,McDaniel Envelope Company Inc,,,0.00,109.15,0.00,0.00,-109.15,0.00,0.00,0.00,0.00,0.00,0.00,0.00,0.00
Liability,,McIntire Business Products,,,0.00,0.00,0.00,0.00,0.00,0.00,0.00,0.00,0.00,0.00,0.00,0.00,0.00
Liability,,"McPhail Associates, LLC",,,0.00,0.00,0.00,0.00,0.00,0.00,0.00,0.00,0.00,0.00,0.00,0.00,0.00
Liability,,Meadow Breeze Day Camp,,,0.00,0.00,0.00,0.00,0.00,0.00,0.00,0.00,0.00,0.00,0.00,0.00,0.00
Liability,,Meredythe Schober,,,0.00,0.00,0.00,0.00,0.00,0.00,0.00,0.00,0.00,0.00,0.00,0.00,0.00
Liability,,Merrill Lynch,,,0.00,0.00,0.00,0.00,0.00,0.00,0.00,0.00,0.00,0.00,0.00,0.00,0.00
Liability,,Merrith Sabo-Jones,,,0.00,0.00,0.00,0.00,0.00,0.00,0.00,0.00,0.00,0.00,0.00,0.00,0.00
Liability,,methodist,,,0.00,0.00,0.00,0.00,0.00,0.00,0.00,0.00,0.00,0.00,0.00,0.00,0.00
Liability,,Metropolitan Boston Association,,,406.00,-406.00,0.00,0.00,0.00,0.00,0.00,0.00,0.00,0.00,0.00,0.00,0.00
Liability,,Michael Rich,,,0.00,0.00,0.00,0.00,0.00,0.00,0.00,0.00,0.00,0.00,0.00,0.00,0.00
Liability,,Mudville Madrigal Singers,,,0.00,0.00,0.00,0.00,0.00,0.00,0.00,0.00,0.00,0.00,0.00,0.00,0.00
Liability,,My Church Events,,,0.00,0.00,0.00,0.00,0.00,0.00,0.00,0.00,0.00,0.00,0.00,0.00,0.00
Liability,,Mystic Valley LGBTQ+ Youth Support Network,,,0.00,0.00,0.00,0.00,0.00,0.00,0.00,0.00,0.00,0.00,0.00,0.00,0.00
Liability,,Nadine Lombard,,,0.00,0.00,0.00,0.00,0.00,0.00,0.00,0.00,0.00,0.00,0.00,0.00,0.00
Liability,,National Abatement,,,0.00,0.00,0.00,0.00,0.00,0.00,0.00,0.00,0.00,0.00,0.00,0.00,0.00
Liability,,National Grid,,,41.11,-6.60,12.10,1.71,0.62,-48.94,24.15,0.65,-0.65,3.30,-27.45,0.00,0.00
Liability,,"New England Business Service, Inc.",,,0.00,0.00,0.00,0.00,0.00,0.00,0.00,0.00,0.00,0.00,0.00,0.00,0.00
Liability,,New England Center and Home for Veterans,,,0.00,0.00,0.00,0.00,0.00,0.00,0.00,0.00,0.00,0.00,0.00,0.00,0.00
Liability,,New Hemisphere LLC,,,0.00,0.00,0.00,0.00,0.00,0.00,0.00,0.00,0.00,0.00,0.00,0.00,0.00
Liability,,Nicholas Dokos,,,0.00,0.00,0.00,0.00,0.00,0.00,0.00,0.00,0.00,0.00,0.00,0.00,0.00
Liability,,Nina Moe,,,0.00,0.00,0.00,0.00,0.00,0.00,0.00,0.00,0.00,0.00,0.00,0.00,0.00
Liability,,Norma Allen,,,0.00,0.00,0.00,0.00,0.00,0.00,0.00,0.00,0.00,0.00,0.00,0.00,0.00
Liability,,Norma Sherwood,,,0.00,0.00,0.00,0.00,0.00,0.00,0.00,0.00,0.00,0.00,0.00,0.00,0.00
Liability,,Norman Niven,,,0.00,0.00,0.00,0.00,0.00,0.00,0.00,0.00,0.00,0.00,0.00,0.00,0.00
Liability,,Northeast Assn of the Massachusetts Conference,,,0.00,0.00,0.00,0.00,0.00,0.00,0.00,0.00,0.00,0.00,0.00,0.00,0.00
Liability,,Nstar Electric,,,0.00,0.00,0.00,0.00,0.00,0.00,0.00,0.00,0.00,0.00,0.00,0.00,0.00
Liability,,"Nu Line Construction & Remodeling, Inc.",,,0.00,0.00,0.00,0.00,0.00,0.00,0.00,0.00,0.00,0.00,0.00,0.00,0.00
Liability,,Office Depot,,,0.00,0.00,0.00,0.00,0.00,0.00,0.00,0.00,0.00,0.00,0.00,0.00,0.00
Liability,,OfficeTech,,,0.00,0.00,0.00,0.00,0.00,0.00,0.00,0.00,0.00,0.00,0.00,0.00,0.00
Liability,,Olan Mills,,,0.00,0.00,0.00,0.00,0.00,0.00,0.00,0.00,0.00,0.00,0.00,0.00,0.00
Liability,,One Can Help,,,0.00,0.00,0.00,0.00,0.00,0.00,0.00,0.00,0.00,0.00,0.00,0.00,0.00
Liability,,OneLicense.net,,,0.00,0.00,0.00,0.00,0.00,0.00,0.00,0.00,0.00,0.00,0.00,0.00,0.00
Liability,,Our Church s Wider Mission,,,0.00,0.00,0.00,0.00,0.00,0.00,0.00,0.00,0.00,0.00,0.00,0.00,0.00
Liability,,P & M Locksmith Service Inc.,,,0.00,0.00,0.00,0.00,0.00,0.00,0.00,0.00,0.00,0.00,0.00,0.00,0.00
Liability,,Parable Bible Bookstore,,,0.00,0.00,0.00,0.00,0.00,0.00,0.00,0.00,0.00,0.00,0.00,0.00,0.00
Liability,,Partners in Health,,,0.00,0.00,0.00,0.00,0.00,0.00,0.00,0.00,0.00,0.00,0.00,0.00,0.00
Liability,,Pat Jao,,,0.00,0.00,0.00,0.00,0.00,0.00,0.00,0.00,0.00,0.00,0.00,0.00,0.00
Liability,,Peerless Insurance Company,,,0.00,0.00,0.00,0.00,0.00,0.00,0.00,0.00,0.00,0.00,0.00,0.00,0.00
Liability,,Peggy Kyle,,,0.00,0.00,0.00,0.00,0.00,0.00,0.00,0.00,0.00,0.00,0.00,0.00,0.00
Liability,,Peter Fuller Rentals,,,0.00,0.00,0.00,0.00,0.00,0.00,0.00,0.00,0.00,0.00,0.00,0.00,0.00
Liability,,Philharmonic Society of Arlington,,,0.00,0.00,0.00,0.00,0.00,0.00,0.00,0.00,0.00,0.00,0.00,0.00,0.00
Liability,,Phillip Sullivan,,,0.00,0.00,0.00,0.00,0.00,0.00,0.00,0.00,0.00,0.00,0.00,0.00,0.00
Liability,,Premier Supply Inc/Kent Agency,,,0.00,0.00,0.00,0.00,0.00,0.00,0.00,0.00,0.00,0.00,0.00,0.00,0.00
Liability,,Project Bread,,,0.00,0.00,0.00,0.00,0.00,0.00,0.00,0.00,0.00,0.00,0.00,0.00,0.00
Liability,,Queer Mystic,,,0.00,0.00,0.00,0.00,0.00,0.00,0.00,0.00,0.00,0.00,0.00,0.00,0.00
Liability,,Quill,,,0.00,91.36,-91.36,0.00,0.00,0.00,0.00,0.00,0.00,0.00,0.00,0.00,0.00
Liability,,R W Shattuck & Co Inc,,,0.00,0.00,35.51,-35.51,0.00,0.00,0.00,0.00,0.00,0.00,0.00,0.00,0.00
Liability,,Rand Peabody,,,0.00,0.00,0.00,0.00,0.00,0.00,0.00,0.00,0.00,0.00,0.00,0.00,0.00
Liability,,Rebecca Saslow,,,0.00,0.00,0.00,0.00,0.00,0.00,0.00,0.00,0.00,0.00,0.00,0.00,0.00
Liability,,Reliable Office Supplies,,,0.00,0.00,0.00,0.00,0.00,0.00,0.00,0.00,0.00,0.00,0.00,0.00,0.00
Liability,,Renee Manning,,,0.00,0.00,0.00,0.00,0.00,0.00,0.00,0.00,0.00,0.00,0.00,0.00,0.00
Liability,,Richard Erickson,,,0.00,0.00,0.00,0.00,0.00,0.00,0.00,0.00,0.00,0.00,0.00,0.00,0.00
Liability,,Richard J. Sizensky,,,0.00,0.00,0.00,0.00,0.00,0.00,0.00,0.00,0.00,0.00,0.00,0.00,0.00
Liability,,Richard Phelps,,,0.00,0.00,0.00,0.00,0.00,0.00,0.00,0.00,0.00,0.00,0.00,0.00,0.00
Liability,,Robert A. Jones,,,0.00,0.00,0.00,0.00,0.00,0.00,0.00,0.00,0.00,0.00,0.00,0.00,0.00
Liability,,Robert Forte,,,0.00,0.00,0.00,0.00,0.00,0.00,0.00,0.00,0.00,0.00,0.00,0.00,0.00
Liability,,Robert String,,,0.00,0.00,0.00,0.00,0.00,0.00,0.00,0.00,0.00,0.00,0.00,0.00,0.00
Liability,,Roger Hecht,,,0.00,0.00,0.00,-225.00,225.00,0.00,0.00,0.00,0.00,0.00,0.00,0.00,0.00
Liability,,Rui Quinn,,,0.00,0.00,0.00,0.00,0.00,0.00,0.00,0.00,0.00,0.00,0.00,0.00,0.00
Liability,,Sami Aziz,,,0.00,0.00,0.00,0.00,0.00,0.00,0.00,0.00,0.00,0.00,0.00,0.00,0.00
Liability,,Sara Smith,,,300.00,-75.00,0.00,-225.00,375.00,-75.00,-300.00,0.00,150.00,75.00,-225.00,0.00,0.00
Liability,,"Select Office Products, Inc.",,,0.00,0.00,0.00,0.00,0.00,0.00,0.00,0.00,0.00,0.00,0.00,0.00,0.00
Liability,,Somerville Homeless Coalition,,,0.00,0.00,0.00,0.00,0.00,0.00,0.00,0.00,0.00,0.00,0.00,0.00,0.00
Liability,,Somerville Housing Coalition,,,0.00,0.00,0.00,0.00,0.00,0.00,0.00,0.00,0.00,0.00,0.00,0.00,0.00
Liability,,Spectrum Music,,,0.00,0.00,0.00,0.00,0.00,0.00,0.00,0.00,0.00,0.00,0.00,0.00,0.00
Liability,,Spencer Liles,,,200.00,-50.00,0.00,-150.00,250.00,-50.00,-200.00,0.00,100.00,50.00,-150.00,0.00,0.00
Liability,,"Spencer Organ Company, Inc.",,,0.00,0.00,0.00,0.00,0.00,0.00,0.00,0.00,0.00,0.00,0.00,0.00,0.00
Liability,,Stamp Fulfillment Services,,,0.00,0.00,0.00,0.00,0.00,0.00,0.00,0.00,0.00,0.00,0.00,0.00,0.00
Liability,,Stephen Furqueron,,,0.00,0.00,0.00,-225.00,225.00,0.00,0.00,0.00,0.00,0.00,0.00,0.00,0.00
Liability,,Stephen Ministries,,,0.00,0.00,0.00,0.00,0.00,0.00,0.00,0.00,0.00,0.00,0.00,0.00,0.00
Liability,,Sue McNary,,,0.00,0.00,0.00,0.00,0.00,0.00,0.00,0.00,0.00,0.00,0.00,0.00,0.00
Liability,,Syrian American Medical Society,,,0.00,0.00,0.00,0.00,0.00,0.00,0.00,0.00,0.00,0.00,0.00,0.00,0.00
Liability,,Taryn Hogan,,,0.00,0.00,0.00,0.00,0.00,0.00,0.00,0.00,0.00,0.00,0.00,0.00,0.00
Liability,,Terminix,,,0.00,0.00,0.00,0.00,0.00,0.00,0.00,0.00,0.00,0.00,0.00,0.00,0.00
Liability,,The Boston Globe,,,0.00,0.00,0.00,0.00,0.00,0.00,0.00,0.00,0.00,0.00,0.00,0.00,0.00
Liability,,The Children's Room,,,0.00,0.00,0.00,0.00,0.00,0.00,0.00,0.00,0.00,0.00,0.00,0.00,0.00
Liability,,The Pension Boards UCC,,,"-5,512.34","5,612.34","-5,990.88",0.00,"5,890.88","-5,990.88",0.00,"5,990.88",0.00,"-5,990.88","5,990.88",0.00,0.00
Liability,,The Pilgrim Press,,,0.00,0.00,0.00,0.00,0.00,0.00,0.00,0.00,0.00,0.00,0.00,0.00,0.00
Liability,,Thomas R. Hathaway,,,0.00,0.00,0.00,0.00,0.00,0.00,0.00,0.00,0.00,0.00,0.00,0.00,0.00
Liability,,Thompson Family Fund,,,0.00,0.00,0.00,0.00,0.00,0.00,0.00,0.00,0.00,0.00,0.00,0.00,0.00
Liability,,Tina Gramm,,,0.00,0.00,0.00,0.00,0.00,0.00,0.00,0.00,0.00,0.00,0.00,0.00,0.00
Liability,,Todd Ferreira,,,0.00,0.00,0.00,0.00,0.00,0.00,0.00,0.00,0.00,0.00,0.00,0.00,0.00
Liability,,Tom Howard,,,0.00,0.00,0.00,0.00,0.00,0.00,0.00,0.00,0.00,0.00,0.00,0.00,0.00
Liability,,Tony Kill,,,0.00,0.00,0.00,0.00,0.00,0.00,0.00,0.00,0.00,0.00,0.00,0.00,0.00
Liability,,Town of Arlington,,,0.00,0.00,0.00,0.00,456.31,-456.31,0.00,10.00,-10.00,0.00,0.00,0.00,0.00
Liability,,Town of Arlington - Town Day Committee,,,0.00,0.00,0.00,0.00,0.00,0.00,0.00,0.00,0.00,0.00,0.00,0.00,0.00
Liability,,Tremendous Hearts,,,0.00,0.00,0.00,0.00,0.00,0.00,0.00,0.00,0.00,0.00,0.00,0.00,0.00
Liability,,Trick-or-Treat for UNICEF,,,0.00,0.00,0.00,0.00,0.00,0.00,0.00,0.00,0.00,0.00,0.00,0.00,0.00
Liability,,UCC Resources Inc,,,0.00,57.45,150.03,-207.48,0.00,0.00,0.00,0.00,233.73,-233.73,0.00,0.00,0.00
Liability,,UCF Balanced Fund,,,0.00,0.00,0.00,0.00,0.00,0.00,0.00,0.00,0.00,0.00,0.00,0.00,0.00
Liability,,UNICEF,,,0.00,0.00,0.00,0.00,0.00,0.00,0.00,0.00,0.00,0.00,0.00,0.00,0.00
Liability,,United Church Funds,,,"10,154.08",0.00,"-10,154.08",0.00,0.00,0.00,0.00,0.00,0.00,0.00,0.00,0.00,0.00
Liability,,United Church of Christ,,,0.00,0.00,0.00,0.00,0.00,0.00,0.00,0.00,0.00,0.00,0.00,0.00,0.00
Liability,,United Church Press,,,0.00,0.00,0.00,0.00,0.00,0.00,0.00,0.00,0.00,0.00,0.00,0.00,0.00
Liability,,Unknown Vendor,,,0.00,0.00,0.00,0.00,0.00,0.00,0.00,0.00,0.00,0.00,0.00,0.00,0.00
Liability,,Upper Room Ministries,,,0.00,0.00,0.00,0.00,0.00,0.00,0.00,0.00,17.25,-17.25,0.00,0.00,0.00
Liability,,US Postal Service,,,0.00,0.00,0.00,0.00,0.00,0.00,0.00,0.00,0.00,0.00,0.00,0.00,0.00
Liability,,V & S Cleaning Service,,,0.00,0.00,"-2,820.00",0.00,0.00,0.00,0.00,0.00,"2,820.00","-2,820.00","2,820.00",0.00,0.00
Liability,,Valerie Censabella,,,0.00,474.94,-474.94,0.00,0.00,0.00,0.00,0.00,0.00,0.00,0.00,0.00,0.00
Liability,,Verizon,,,0.00,204.86,-2.32,0.32,-202.86,201.76,-201.76,197.72,10.15,0.41,-208.28,0.00,0.00
Liability,,Victor McNary,,,0.00,0.00,0.00,0.00,0.00,0.00,0.00,0.00,0.00,0.00,0.00,0.00,0.00
Liability,,Voided Checks,,,0.00,0.00,0.00,0.00,0.00,0.00,0.00,0.00,0.00,0.00,0.00,0.00,0.00
Liability,,W.B. Mason,,,0.00,198.24,-198.24,0.00,0.00,0.00,0.00,0.00,0.00,0.00,0.00,0.00,0.00
Liability,,"Wanamaker Hardware, Inc",,,0.00,2.96,-2.96,0.00,0.00,0.00,0.00,0.00,42.71,-42.71,0.00,0.00,0.00
Liability,,Wayne's Drains,,,0.00,0.00,0.00,0.00,0.00,0.00,0.00,0.00,0.00,0.00,0.00,0.00,0.00
Liability,,Will Hurwitz,,,0.00,0.00,0.00,0.00,0.00,0.00,0.00,0.00,0.00,0.00,0.00,0.00,0.00
Liability,,William A Albright,,,0.00,0.00,0.00,0.00,0.00,0.00,0.00,0.00,0.00,0.00,0.00,0.00,0.00
Liability,,William Stewart & Sons,,,0.00,0.00,0.00,0.00,0.00,0.00,0.00,0.00,0.00,0.00,0.00,0.00,0.00
Liability,,William Thayer,,,0.00,0.00,0.00,0.00,0.00,0.00,0.00,0.00,0.00,0.00,0.00,0.00,0.00
Liability,,"Wilson Farms, Inc.",,,709.70,-709.70,0.00,809.00,-809.00,0.00,0.00,0.00,0.00,0.00,0.00,0.00,0.00
Liability,,Windsor Communities,,,0.00,0.00,0.00,0.00,0.00,0.00,0.00,0.00,0.00,0.00,0.00,0.00,0.00
Liability,,"Women of Means, Inc",,,0.00,0.00,0.00,0.00,0.00,0.00,0.00,0.00,0.00,0.00,0.00,0.00,0.00
Liability,,Women's Lunch Place,,,0.00,0.00,0.00,0.00,0.00,0.00,0.00,0.00,0.00,0.00,0.00,0.00,0.00
Liability,,Woolverton,,,0.00,0.00,0.00,0.00,0.00,0.00,0.00,0.00,0.00,0.00,0.00,0.00,0.00
Liability,,"YouthWorks!, Inc.",,,0.00,0.00,0.00,0.00,0.00,0.00,0.00,0.00,0.00,0.00,0.00,0.00,0.00
Liability,,Zulu Nyala Game Lodge,,,0.00,0.00,0.00,0.00,0.00,0.00,0.00,0.00,0.00,0.00,0.00,0.00,0.00
Liability,,A Place to Grow Security Deposit,2.020.007.000,,"4,411.00",0.00,0.00,0.00,0.00,0.00,0.00,0.00,0.00,0.00,0.00,0.00,0.00
Liability,,Pastor Home Equity Liability,2.030.000.000,,"3,375.00",750.00,750.00,750.00,750.00,750.00,750.00,750.00,750.00,750.00,750.00,750.00,750.00
Fund,General Fund,General Fund,3.005.000.000,,"35,836.66","-9,247.26","4,153.31","3,376.41","1,745.93",-770.80,"3,837.88","-11,434.15","-7,165.51","10,864.51","-8,171.31","-2,988.65","-2,916.65"
Fund,Capital Fund,Capital Fund,3.005.000.050,,0.00,0.00,0.00,0.00,0.00,0.00,0.00,0.00,0.00,0.00,0.00,0.00,0.00
Fund,Roof Self-Loan,Roof Self-Loan,3.005.000.150,,0.00,0.00,0.00,0.00,0.00,0.00,0.00,0.00,0.00,0.00,0.00,0.00,0.00
Fund,Legacy Fund,Legacy Fund,3.005.000.300,,"131,424.98",0.00,0.00,0.00,0.00,0.00,0.00,0.00,0.00,0.00,0.00,0.00,0.00
Fund,Outreach Fund,Outreach Fund,3.010.000.000,,"1,647.71","1,637.34","1,666.66",912.04,171.66,"1,626.46","1,412.13","1,666.66","1,666.66","2,027.95","1,666.66","1,666.66","1,666.66"
Fund,Deacons Fund,Deacons Fund,3.015.000.000,,991.67,79.85,79.38,-731.82,85.00,465.00,25.00,-105.59,0.00,87.76,0.00,0.00,0.00
Fund,Adopt a Family,Adopt a Family,3.021.020.000,,447.96,0.00,0.00,0.00,0.00,0.00,0.00,0.00,0.00,0.00,0.00,0.00,0.00
Fund,Adopt a Vet,Adopt a Vet,3.021.040.000,,0.00,0.00,0.00,0.00,0.00,0.00,0.00,0.00,0.00,0.00,0.00,0.00,0.00
Fund,Arlington Food Pantry Fund,Arlington Food Pantry Fund,3.021.060.000,,45.00,0.00,0.00,30.00,75.00,130.00,20.00,5.00,25.00,0.00,80.00,0.00,0.00
Fund,Departure Gift ,Departure Gift,3.021.080.000,,123.14,0.00,0.00,0.00,0.00,0.00,0.00,0.00,0.00,0.00,0.00,0.00,0.00
Fund,Designated Gift ,Designated Gift,3.021.100.000,,"2,356.22",0.00,0.00,"1,274.87","-1,115.51",-300.00,300.00,0.00,265.12,0.00,0.00,0.00,0.00
Fund,Environmental Stewardship ,Environmental Stewardship,3.021.120.000,,"6,799.81",0.00,0.00,0.00,0.00,0.00,0.00,0.00,0.00,0.00,0.00,0.00,0.00
Fund,Flower Fund ,Flower Fund,3.021.140.000,,519.94,-34.00,140.00,-376.00,83.00,-85.00,-70.00,-94.00,-120.00,80.00,130.00,0.00,0.00
Fund,Hospitality Fund ,Hospitality Fund,3.021.160.000,,"1,362.15",-294.93,116.55,-49.47,-65.06,-190.07,97.00,105.00,-270.43,-134.49,88.00,0.00,0.00
Fund,Housing Corp. of Arlington ,Housing Corp. of Arlington,3.021.180.000,,0.00,0.00,0.00,0.00,0.00,0.00,0.00,0.00,0.00,0.00,0.00,0.00,0.00
Fund,Music Fund ,Music Fund,3.021.200.000,,"4,816.94",300.00,312.00,0.00,225.00,0.00,0.00,0.00,-353.95,125.00,0.00,0.00,0.00
Fund,Neighbors In Need ,Neighbors In Need,3.021.220.000,,0.00,0.00,0.00,0.00,0.00,0.00,0.00,0.00,0.00,25.00,"1,288.00",0.00,0.00
Fund,One Great Hour of Sharing ,One Great Hour of Sharing,3.021.240.000,,0.00,0.00,0.00,"1,430.00","-1,430.00",0.00,0.00,0.00,0.00,0.00,0.00,0.00,0.00
Fund,Organ Restoration ,Organ Restoration,3.021.260.000,,69.36,0.00,0.00,0.00,0.00,0.00,0.00,0.00,0.00,0.00,0.00,0.00,0.00
Fund,Parental Leave Fund,Parental Leave Fund,3.021.270.000,,0.00,333.37,333.33,333.33,333.33,333.33,333.33,333.33,333.33,333.33,333.33,333.33,333.33
Fund,Prepaid Pledges ,Prepaid Pledges,3.021.280.000,,"7,090.00",0.00,0.00,0.00,0.00,0.00,0.00,0.00,0.00,0.00,0.00,0.00,0.00
Fund,Relief Fund ,Relief Fund,3.021.300.000,,0.00,0.00,0.00,0.00,0.00,0.00,0.00,0.00,0.00,0.00,0.00,0.00,0.00
Fund,Sabbatical Fund ,Sabbatical Fund,3.021.320.000,,"14,699.93",0.00,0.00,0.00,0.00,0.00,0.00,0.00,0.00,0.00,0.00,0.00,0.00
Fund,Sarah's Circle ,Sarah's Circle,3.021.340.000,,212.47,0.00,0.00,0.00,0.00,0.00,0.00,0.00,0.00,0.00,0.00,0.00,0.00
Fund,Special Event ,Special Event,3.021.360.000,,615.00,0.00,0.00,0.00,0.00,0.00,0.00,0.00,0.00,0.00,0.00,0.00,0.00
Fund,UCC Christmas Fund ,UCC Christmas Fund,3.021.380.000,,810.00,-810.00,0.00,0.00,0.00,0.00,0.00,0.00,0.00,0.00,0.00,0.00,0.00
Fund,Women's Guild ,Women's Guild,3.021.400.000,,854.23,42.00,0.00,0.00,15.00,0.00,0.00,0.00,0.00,27.00,0.00,0.00,0.00
Fund,Youth Fund ,Youth Fund,3.021.420.000,,"1,374.73",0.00,0.00,94.27,0.00,0.00,0.00,0.00,0.00,0.00,0.00,0.00,0.00
Fund,Capital Campaign 2009 Fund,Capital Campaign 2009 Fund,3.030.000.000,,0.00,0.00,0.00,0.00,0.00,0.00,0.00,0.00,0.00,0.00,0.00,0.00,0.00
Fund,Emergency Property Fund,Emergency Property Fund,3.032.000.000,,"20,435.44",166.74,166.66,166.66,166.66,166.66,166.66,166.66,166.66,166.66,516.66,166.66,166.66
Fund,Memorial Fund,Memorial Fund,3.035.000.000,,"46,745.49",100.00,0.00,0.00,0.00,0.00,0.00,0.00,0.00,25.00,0.00,0.00,0.00
Fund,Jackson Legacy ,Jackson Legacy,3.050.020.000,,"18,474.57",0.00,0.00,0.00,0.00,0.00,0.00,0.00,0.00,0.00,0.00,0.00,0.00
Fund,Crockett Memorial ,Crockett Memorial,3.055.040.000,,"1,136.47",0.00,0.00,0.00,0.00,0.00,0.00,0.00,0.00,0.00,0.00,0.00,0.00
Fund,Hayes Memorial ,Hayes Memorial,3.055.060.000,,"50,000.00",0.00,0.00,0.00,0.00,0.00,0.00,0.00,0.00,0.00,0.00,0.00,0.00
Fund,Jennings Memorial ,Jennings Memorial,3.055.080.000,,"1,861.15",0.00,0.00,0.00,0.00,0.00,0.00,0.00,0.00,0.00,0.00,0.00,0.00
Fund,Skinner/Hall Memorial ,Skinner/Hall Memorial,3.055.120.000,,"2,000.00",0.00,0.00,0.00,0.00,0.00,0.00,0.00,0.00,0.00,0.00,0.00,0.00
Fund,Smith Memorial ,Smith Memorial,3.055.140.000,,"16,307.83",0.00,0.00,0.00,0.00,0.00,0.00,0.00,0.00,0.00,0.00,0.00,0.00
Fund,PSCC Legacy Fund,PSCC Legacy Fund,3.060.000.000,,"148,391.00",0.00,0.00,0.00,0.00,0.00,0.00,0.00,0.00,0.00,0.00,0.00,0.00
Fund,Jackson Legacy Return,Jackson Legacy Return,3.070.020.000,,"40,330.49",0.00,0.00,"-1,320.27",0.00,0.00,"1,029.11",0.00,0.00,"2,332.35",0.00,0.00,0.00
Fund,Crockett Memorial Return,Crockett Memorial Return,3.070.040.000,,0.00,0.00,0.00,0.00,0.00,0.00,0.00,0.00,0.00,0.00,0.00,0.00,0.00
Fund,Hayes Memorial Return,Hayes Memorial Return,3.070.060.000,,"50,765.39",0.00,0.00,-435.11,0.00,0.00,-400.26,0.00,0.00,"1,549.09",0.00,0.00,0.00
Fund,Jennings Memorial Return,Jennings Memorial Return,3.070.080.000,,"2,638.51",0.00,0.00,-31.51,0.00,0.00,-9.26,0.00,0.00,290.01,0.00,0.00,0.00
Fund,Skinner/Hall Memorial Return,Skinner/Hall Memorial Return,3.070.120.000,,"1,558.57",0.00,0.00,-15.36,0.00,0.00,-14.13,0.00,0.00,54.71,0.00,0.00,0.00
Fund,Smith Memorial Return,Smith Memorial Return,3.070.140.000,,0.00,0.00,0.00,4.06,0.00,0.00,0.00,0.00,0.00,0.00,0.00,0.00,0.00
Fund,Legacy Return ,Legacy Return,3.070.160.000,,"61,155.38",0.00,0.00,"-2,418.49",0.00,0.00,-876.56,0.00,0.00,"3,392.46",0.00,0.00,0.00
Fund,Memorial Return,Memorial Return,3.070.170.000,,"6,033.43",0.00,0.00,-376.63,0.00,0.00,-210.46,0.00,0.00,"1,009.82",0.00,0.00,0.00
Fund,Capital Campaign 2009 Return,Capital Campaign 2009 Return,3.070.180.000,,627.77,0.00,0.00,-383.95,0.00,0.00,-86.11,0.00,0.00,6.56,0.00,0.00,0.00
Fund,PSCC Legacy Return,PSCC Legacy Return,3.070.200.000,,"23,591.49",0.00,0.00,"-1,310.58",0.00,0.00,-685.45,0.00,0.00,"3,288.92",0.00,0.00,0.00
Income,General Fund,Pledges,4.001.001.000,,0.00,"11,303.00","12,818.00","13,061.00","17,326.00","13,429.00","12,190.00","13,552.00","14,529.00","15,201.00","7,260.00",0.00,0.00
Income,General Fund,Prior Year Payment,4.001.001.003,,0.00,845.00,405.00,0.00,0.00,0.00,0.00,0.00,0.00,0.00,0.00,0.00,0.00
Income,General Fund,Gift,4.001.002.000,,0.00,"1,890.00","1,350.00","2,265.00","2,291.00","1,875.00","1,350.00","1,570.00","2,370.00","2,390.00",775.00,0.00,0.00
Income,General Fund,Loose Collection,4.001.003.000,,0.00,531.00,298.00,473.00,839.30,345.00,237.00,163.00,161.00,355.10,84.00,0.00,0.00
Income,General Fund,Church School,4.001.004.000,,0.00,14.00,13.00,5.00,16.00,9.00,2.00,11.00,3.00,14.00,0.00,0.00,0.00
Income,General Fund,Initial Payment & Assoc. Dues,4.001.005.000,,0.00,42.00,24.75,3.00,0.00,0.00,22.00,301.00,23.00,0.00,0.00,0.00,0.00
Income,General Fund,Christmas Envelope,4.001.007.001,,0.00,0.00,0.00,0.00,0.00,0.00,0.00,0.00,0.00,0.00,0.00,0.00,0.00
Income,General Fund,Easter Envelope,4.001.007.003,,0.00,0.00,0.00,25.00,"1,725.00",0.00,0.00,0.00,0.00,0.00,0.00,0.00,0.00
Income,General Fund,Thanksgiving Envelope,4.001.007.004,,0.00,0.00,0.00,0.00,0.00,0.00,0.00,0.00,0.00,0.00,0.00,0.00,0.00
Income,General Fund,A Place to Grow Income,4.002.000.000,,0.00,"6,583.33","9,153.72","6,583.33","6,583.33","6,583.33","6,583.33","6,583.33",0.00,"13,166.66",0.00,0.00,0.00
Income,General Fund,Royal Scottish Dance Team Income,4.002.003.000,,0.00,0.00,0.00,0.00,0.00,0.00,0.00,0.00,0.00,0.00,0.00,0.00,0.00
Income,General Fund,Country Dance Society Income,4.002.004.000,,0.00,0.00,"2,827.50",0.00,0.00,0.00,0.00,0.00,310.00,"2,000.00",0.00,0.00,0.00
Income,General Fund,Folk Arts Center Income,4.002.007.000,,0.00,0.00,735.00,840.00,840.00,525.00,945.00,630.00,0.00,945.00,"1,207.50",0.00,0.00
Income,General Fund,Philharmonic Society of Arlington Income,4.002.010.000,,0.00,"1,290.00",0.00,0.00,"1,050.00",0.00,0.00,0.00,0.00,0.00,"1,395.00",0.00,0.00
Income,General Fund,Vox Lucens/Jay Lane Income,4.002.015.000,,0.00,172.50,90.00,127.50,267.50,285.00,192.50,60.00,105.00,202.50,150.00,0.00,0.00
Income,General Fund,Miscellaneous Rental Income,4.002.020.000,,0.00,105.00,420.00,140.00,390.00,515.00,485.00,105.00,140.00,970.00,140.00,0.00,0.00
Income,Smith Memorial ,Smith Memorial Income,4.003.001.010,,0.00,0.00,0.00,0.00,0.00,0.00,0.00,0.00,0.00,0.00,0.00,0.00,0.00
Income,Jackson Legacy ,Jackson Legacy Income,4.003.005.006,,0.00,0.00,0.00,0.00,0.00,0.00,0.00,0.00,0.00,0.00,0.00,0.00,0.00
Income,General Fund,UCF Moderate Balanced Fund,4.004.002.000,,0.00,0.00,0.00,732.81,0.00,0.00,0.00,0.00,0.00,791.21,0.00,0.00,0.00
Income,General Fund,Holiday Fair Income,4.005.001.000,,0.00,81.00,20.00,0.00,0.00,0.00,0.00,0.00,0.00,100.00,0.00,0.00,0.00
Income,General Fund,Rummage Sale Income,4.005.004.000,,0.00,0.00,0.00,0.00,"4,415.07",493.00,0.00,0.00,0.00,0.00,0.00,0.00,0.00
Income,General Fund,Other Fundraising Income,4.005.005.000,,0.00,0.00,0.00,0.00,0.00,487.50,0.00,0.00,0.00,0.00,0.00,0.00,0.00
Income,General Fund,Misc Income,4.006.000.000,,0.00,10.62,71.24,"1,285.77",20.27,10.62,10.64,10.62,10.62,0.55,60.00,0.00,0.00
Income,Outreach Fund,Outreach Fund Income,4.410.000.000,,0.00,"1,666.74","1,666.66","1,666.66","1,666.66","1,666.66","1,666.66","1,666.66","1,666.66","1,666.66","1,666.66","1,666.66","1,666.66"
Income,Outreach Fund,Outreach Fund General Fund Income,4.410.000.010,,0.00,0.00,0.00,0.00,0.00,0.00,0.00,0.00,0.00,0.00,0.00,0.00,0.00
Income,Outreach Fund,Outreach Fund Hayes Interest Income,4.410.000.020,,0.00,0.00,0.00,-334.62,0.00,0.00,0.00,0.00,0.00,361.29,0.00,0.00,0.00
Income,Outreach Fund,Outreach Fund Designated Income,4.410.000.030,,0.00,0.00,0.00,0.00,0.00,0.00,0.00,0.00,0.00,0.00,0.00,0.00,0.00
Income,Deacons Fund,Deacons Fund Income,4.415.000.000,,0.00,75.00,75.00,80.00,505.00,465.00,25.00,5.00,0.00,75.00,0.00,0.00,0.00
Income,Deacons Fund,Deacons Fund Skinner/Hall Income,4.415.000.010,,0.00,0.00,0.00,-11.82,0.00,0.00,0.00,0.00,0.00,12.76,0.00,0.00,0.00
Income,Deacons Fund,Deacons Fund Smith Income,4.415.000.020,,0.00,4.85,4.38,0.00,0.00,0.00,0.00,0.00,0.00,0.00,0.00,0.00,0.00
Income,Adopt a Family,Adopt A Family Income,4.420.002.000,,0.00,0.00,0.00,0.00,0.00,0.00,0.00,0.00,0.00,0.00,0.00,0.00,0.00
Income,Adopt a Vet,Adopt a Vet Income,4.420.002.100,,0.00,0.00,0.00,0.00,0.00,0.00,0.00,0.00,0.00,0.00,0.00,0.00,0.00
Income,Arlington Food Pantry Fund,Arlington Food Pantry Fund Income,4.420.004.000,,0.00,0.00,0.00,30.00,75.00,130.00,20.00,5.00,25.00,0.00,80.00,0.00,0.00
Income,Designated Gift ,Designated Gift Income,4.420.008.050,,0.00,0.00,"1,630.00","1,917.09",0.00,0.00,300.00,0.00,653.00,0.00,0.00,0.00,0.00
Income,Departure Gift ,Departure Gift Income,4.420.008.100,,0.00,0.00,0.00,0.00,0.00,0.00,0.00,0.00,0.00,0.00,0.00,0.00,0.00
Income,Environmental Stewardship ,Environmental Stewardship Income,4.420.010.000,,0.00,0.00,0.00,0.00,0.00,0.00,0.00,0.00,0.00,0.00,0.00,0.00,0.00
Income,Flower Fund ,Flower Fund Income,4.420.013.050,,0.00,130.00,384.00,677.00,273.00,125.00,95.00,120.00,0.00,290.00,130.00,0.00,0.00
Income,Hospitality Fund ,Hospitality Fund Income,4.420.019.000,,0.00,601.83,116.55,153.00,199.00,146.00,97.00,105.00,89.00,138.00,88.00,0.00,0.00
Income,Housing Corp. of Arlington ,Housing Corp. of Arlington Income,4.420.019.010,,0.00,0.00,0.00,0.00,0.00,0.00,0.00,0.00,0.00,0.00,0.00,0.00,0.00
Income,Relief Fund ,Relief Fund Income,4.420.019.020,,0.00,0.00,0.00,0.00,0.00,0.00,0.00,0.00,0.00,0.00,0.00,0.00,0.00
Income,Music Fund ,Music Fund Income,4.420.023.050,,0.00,300.00,512.00,0.00,425.00,0.00,0.00,0.00,0.00,325.00,0.00,0.00,0.00
Income,Neighbors In Need ,Neighbors In Need Income,4.420.025.000,,0.00,0.00,0.00,0.00,0.00,0.00,0.00,0.00,0.00,25.00,"1,288.00",0.00,0.00
Income,One Great Hour of Sharing ,One Great Hour of Sharing Income,4.420.027.000,,0.00,0.00,0.00,"1,430.00",20.00,0.00,0.00,0.00,0.00,0.00,0.00,0.00,0.00
Income,Organ Restoration ,Organ Restoration Income,4.420.028.000,,0.00,0.00,0.00,0.00,0.00,0.00,0.00,0.00,0.00,0.00,0.00,0.00,0.00
Income,Parental Leave Fund,Parental Leave Fund Income,4.420.028.010,,0.00,333.37,333.33,333.33,333.33,333.33,333.33,333.33,333.33,333.33,333.33,333.33,333.33
Income,Prepaid Pledges ,Prepaid Pledges Income,4.420.028.025,,0.00,0.00,0.00,0.00,0.00,0.00,0.00,0.00,0.00,0.00,0.00,0.00,0.00
Income,Sabbatical Fund ,Sabbatical Fund Income,4.420.028.100,,0.00,0.00,0.00,0.00,0.00,0.00,0.00,0.00,0.00,0.00,0.00,0.00,0.00
Income,Sarah's Circle ,Sarah's Circle Income,4.420.028.200,,0.00,0.00,0.00,0.00,0.00,0.00,0.00,0.00,0.00,0.00,0.00,0.00,0.00
Income,Special Event ,Special Event Income,4.420.030.500,,0.00,0.00,0.00,0.00,0.00,0.00,0.00,0.00,0.00,0.00,0.00,0.00,0.00
Income,UCC Christmas Fund ,UCC Christmas Fund Income,4.420.031.100,,0.00,0.00,0.00,0.00,0.00,0.00,0.00,0.00,0.00,0.00,0.00,0.00,0.00
Income,Women's Guild ,Women's Guild Income,4.420.032.100,,0.00,42.00,0.00,0.00,15.00,0.00,0.00,0.00,0.00,27.00,0.00,0.00,0.00
Income,Youth Fund ,Youth Fund Income,4.420.033.000,,0.00,0.00,0.00,236.00,0.00,0.00,0.00,0.00,0.00,0.00,0.00,0.00,0.00
Income,Memorial Fund,Memorial Fund Income,4.435.000.000,,0.00,100.00,0.00,0.00,0.00,0.00,0.00,0.00,0.00,25.00,0.00,0.00,0.00
Income,Crockett Memorial ,Crockett Memorial Income,4.435.020.010,,0.00,0.00,0.00,0.00,0.00,0.00,0.00,0.00,0.00,0.00,0.00,0.00,0.00
Income,Hayes Memorial ,Hayes Memorial Income,4.435.030.000,,0.00,0.00,0.00,0.00,0.00,0.00,0.00,0.00,0.00,0.00,0.00,0.00,0.00
Income,Jennings Memorial ,Jennings Memorial Income,4.435.034.010,,0.00,0.00,0.00,0.00,0.00,0.00,0.00,0.00,0.00,0.00,0.00,0.00,0.00
Income,Skinner/Hall Memorial ,Skinner/Hall Memorial Income,4.435.063.000,,0.00,0.00,0.00,0.00,0.00,0.00,0.00,0.00,0.00,0.00,0.00,0.00,0.00
Income,Legacy Fund,Legacy Fund Income,4.445.000.000,,0.00,0.00,0.00,0.00,0.00,0.00,0.00,0.00,0.00,0.00,0.00,0.00,0.00
Income,Capital Fund,Capital Fund Income,4.460.000.000,,0.00,0.00,0.00,0.00,0.00,0.00,0.00,0.00,0.00,0.00,0.00,0.00,0.00
Income,Roof Self-Loan,Roof Self-Loan Income,4.460.000.100,,0.00,0.00,0.00,0.00,0.00,0.00,0.00,0.00,0.00,0.00,0.00,0.00,0.00
Income,Capital Campaign 2009 Fund,Capital Campaign 2009 Fund Income,4.465.000.000,,0.00,0.00,0.00,0.00,0.00,0.00,0.00,0.00,0.00,0.00,0.00,0.00,0.00
Income,Capital Campaign 2009 Fund,Capital Campaign 2009 Fund Supplement Income,4.465.500.000,,0.00,0.00,0.00,0.00,0.00,0.00,0.00,0.00,0.00,0.00,0.00,0.00,0.00
Income,Emergency Property Fund,Emergency Property Fund Income,4.467.000.000,,0.00,166.74,166.66,166.66,166.66,166.66,166.66,166.66,166.66,166.66,516.66,166.66,166.66
Income,PSCC Legacy Fund,PSCC Legacy Fund Income,4.495.000.000,,0.00,0.00,0.00,0.00,0.00,0.00,0.00,0.00,0.00,0.00,0.00,0.00,0.00
Income,Jackson Legacy Return,Jackson Legacy Return Income,4.700.020.000,,0.00,0.00,0.00,211.66,0.00,0.00,"1,029.11",0.00,0.00,"2,332.35",0.00,0.00,0.00
Income,Crockett Memorial Return,Crockett Memorial Return Income,4.700.040.000,,0.00,0.00,0.00,0.00,0.00,0.00,0.00,0.00,0.00,0.00,0.00,0.00,0.00
Income,Hayes Memorial Return,Hayes Memorial Return Income,4.700.060.000,,0.00,0.00,0.00,334.62,0.00,0.00,523.71,0.00,0.00,"1,910.38",0.00,0.00,0.00
Income,Jennings Memorial Return,Jennings Memorial Return Income,4.700.080.000,,0.00,0.00,0.00,4.57,0.00,0.00,16.04,0.00,0.00,290.01,0.00,0.00,0.00
Income,Skinner/Hall Memorial Return,Skinner/Hall Memorial Return Income,4.700.120.000,,0.00,0.00,0.00,11.82,0.00,0.00,18.50,0.00,0.00,67.47,0.00,0.00,0.00
Income,Smith Memorial Return,Smith Memorial Return Income,4.700.140.000,,0.00,4.85,4.38,4.06,0.00,0.00,0.00,0.00,0.00,0.00,0.00,0.00,0.00
Income,Legacy Return ,Legacy Return Income,4.700.160.000,,0.00,0.00,0.00,732.81,0.00,0.00,"1,146.91",0.00,0.00,"4,183.67",0.00,0.00,0.00
Income,Memorial Return,Memorial Return Income,4.700.170.000,,0.00,0.00,0.00,175.36,0.00,0.00,275.37,0.00,0.00,"1,009.82",0.00,0.00,0.00
Income,Capital Campaign 2009 Return,Capital Campaign 2009 Return Income,4.700.180.000,,0.00,0.00,0.00,23.21,0.00,0.00,22.82,0.00,0.00,22.63,0.00,0.00,0.00
Income,PSCC Legacy Return,PSCC Legacy Return Income,4.700.200.000,,0.00,0.00,0.00,571.13,0.00,0.00,896.87,0.00,0.00,"3,288.92",0.00,0.00,0.00
Expense,General Fund,Pastor's Salary,5.001.001.001,,0.00,"4,166.24","4,228.72","3,758.76","5,638.14","3,758.76","3,758.76","3,758.76","3,758.76","5,638.14","1,879.38",0.00,0.00
Expense,General Fund,Pastor's FICA Reimbursement,5.001.001.002,,0.00,318.72,323.50,-194.58,671.46,447.64,447.64,447.64,447.64,671.46,223.82,0.00,0.00
Expense,General Fund,Pastor's Annuity,5.001.002.001,,0.00,"2,642.50",0.00,0.00,"2,642.50",0.00,0.00,"2,642.50",0.00,0.00,"2,642.50",0.00,0.00
Expense,General Fund,Pastor's Health Insurance,5.001.002.003,,0.00,"3,065.25",0.00,0.00,"3,065.25",0.00,0.00,"3,065.25",0.00,0.00,"3,065.25",0.00,0.00
Expense,General Fund,Life and Disability Insurance,5.001.002.004,,0.00,283.13,0.00,0.00,283.13,0.00,0.00,283.13,0.00,0.00,283.13,0.00,0.00
Expense,General Fund,Pastor's FSA expense,5.001.002.005,,0.00,0.00,0.00,0.00,0.00,0.00,0.00,0.00,0.00,0.00,0.00,0.00,0.00
Expense,General Fund,Pastor's Auto Allowance,5.001.003.001,,0.00,0.00,0.00,0.00,0.00,0.00,0.00,0.00,0.00,0.00,0.00,0.00,0.00
Expense,General Fund,Pastor's Furnishings,5.001.003.002,,0.00,0.00,0.00,0.00,0.00,0.00,0.00,0.00,0.00,0.00,0.00,0.00,0.00
Expense,General Fund,Pastor's Books/Cont Ed Expense,5.001.003.003,,0.00,147.69,43.40,0.00,7.99,0.00,0.00,0.00,6.99,0.00,0.00,0.00,0.00
Expense,General Fund,Parsonage Basic Telephone,5.001.003.005,,0.00,0.00,0.00,0.00,0.00,0.00,0.00,0.00,0.00,0.00,0.00,0.00,0.00
Expense,General Fund,Home Equity/Compensation,5.001.003.007,,0.00,750.00,750.00,750.00,750.00,750.00,750.00,750.00,750.00,750.00,750.00,750.00,750.00
Expense,General Fund,Sabbatical Fund Contribution,5.001.004.000,,0.00,0.00,0.00,0.00,0.00,0.00,0.00,0.00,0.00,0.00,0.00,0.00,0.00
Expense,General Fund,Parental Leave Fund Contribution,5.001.004.020,,0.00,333.37,333.33,333.33,333.33,333.33,333.33,333.33,333.33,333.33,333.33,333.33,333.33
Expense,General Fund,Additional Pastor Related Expenses,5.001.004.050,,0.00,0.00,0.00,0.00,0.00,0.00,0.00,0.00,0.00,0.00,0.00,0.00,0.00
Expense,General Fund,Pastoral Discretionary Expenses,5.001.004.070,,0.00,135.13,15.43,0.00,8.49,0.00,14.35,4.23,5.00,80.81,5.99,0.00,0.00
Expense,General Fund,Pulpit Supply,5.001.004.080,,0.00,0.00,0.00,0.00,0.00,0.00,400.00,0.00,0.00,0.00,200.00,0.00,0.00
Expense,General Fund,Parsonage Oil,5.001.004.100,,0.00,379.87,314.31,0.00,296.60,0.00,0.00,0.00,0.00,0.00,0.00,0.00,0.00
Expense,General Fund,Parsonage Water/Sewer,5.001.004.300,,0.00,0.00,0.00,0.00,53.20,0.00,0.00,62.99,0.00,0.00,52.55,0.00,0.00
Expense,General Fund,Parsonage Maintenance,5.001.004.400,,0.00,0.00,377.00,0.00,0.00,0.00,0.00,0.00,0.00,0.00,0.00,0.00,0.00
Expense,General Fund,Parsonage Electric,5.001.004.500,,0.00,87.83,72.10,86.78,65.72,64.86,65.07,53.68,86.75,88.28,63.14,0.00,0.00
Expense,General Fund,Parsonage Grounds,5.001.004.600,,0.00,0.00,0.00,0.00,0.00,0.00,0.00,208.00,0.00,0.00,0.00,0.00,0.00
Expense,General Fund,Organist Compensation,5.001.005.001,,0.00,"1,399.64","1,455.64","1,427.64","2,141.46","1,427.64","1,427.64","1,427.64","1,427.64","2,141.46",713.82,0.00,0.00
Expense,General Fund,Organist FICA,5.001.005.002,,0.00,107.07,111.36,109.21,163.82,109.22,109.22,109.21,109.22,163.82,54.60,0.00,0.00
Expense,General Fund,Christian Education,5.002.001.000,,0.00,146.90,346.97,-15.00,301.43,75.00,317.57,116.50,283.73,0.00,0.00,0.00,0.00
Expense,General Fund,Education Dir. Salary,5.002.002.001,,0.00,"1,384.60","1,440.00","1,412.30","2,118.45","1,412.30","1,412.30","1,412.30","1,412.30","2,118.45",706.15,0.00,0.00
Expense,General Fund,Education Dir. FICA,5.002.002.002,,0.00,105.93,110.16,108.04,162.05,108.04,108.05,108.04,108.04,162.06,54.02,0.00,0.00
Expense,General Fund,Youth Choir Dir Comp,5.002.002.004,,0.00,384.60,400.00,392.30,588.45,392.30,392.30,392.30,392.30,588.45,196.15,0.00,0.00
Expense,General Fund,Youth Choir Dir FICA,5.002.002.005,,0.00,29.43,30.60,30.01,45.01,30.01,30.01,30.01,30.01,45.02,15.01,0.00,0.00
Expense,Outreach Fund,Outreach Fund Expense,5.003.000.000,,0.00,29.40,0.00,420.00,"1,495.00",40.20,254.53,0.00,0.00,0.00,0.00,0.00,0.00
Expense,Smith Memorial ,Smith Memorial Expense,5.003.001.010,,0.00,0.00,0.00,0.00,0.00,0.00,0.00,0.00,0.00,0.00,0.00,0.00,0.00
Expense,General Fund,Interchurch,5.003.002.000,,0.00,0.00,0.00,0.00,0.00,0.00,0.00,0.00,0.00,0.00,0.00,0.00,0.00
Expense,General Fund,Association Dues,5.003.003.000,,0.00,0.00,0.00,0.00,0.00,"4,700.92",0.00,0.00,0.00,0.00,0.00,0.00,0.00
Expense,General Fund,Outreach Fund Contribution,5.003.004.000,,0.00,"1,666.74","1,666.66","1,666.66","1,666.66","1,666.66","1,666.66","1,666.66","1,666.66","1,666.66","1,666.66","1,666.66","1,666.66"
Expense,General Fund,Oil,5.004.001.001,,0.00,"4,257.59","2,739.81","2,312.80","1,700.67","1,015.06",0.00,313.24,0.00,947.72,0.00,0.00,0.00
Expense,General Fund,Gas,5.004.001.002,,0.00,34.51,46.61,48.32,48.94,25.47,24.15,24.80,24.15,27.45,0.00,0.00,0.00
Expense,General Fund,Electric,5.004.001.003,,0.00,566.72,562.87,602.81,499.19,499.19,585.54,603.50,787.23,804.57,570.50,0.00,0.00
Expense,General Fund,Telephone,5.004.001.004,,0.00,204.86,202.54,202.86,201.55,201.76,0.00,197.72,207.87,208.28,0.00,0.00,0.00
Expense,General Fund,Water/Sewer,5.004.001.005,,0.00,0.00,525.15,0.00,403.11,0.00,0.00,443.79,0.00,0.00,728.58,0.00,0.00
Expense,General Fund,Property/Liability Insurance,5.004.002.001,,0.00,429.00,0.00,0.00,0.00,0.00,0.00,"8,910.00",0.00,0.00,0.00,0.00,0.00
Expense,General Fund,Workers Comp. Insurance,5.004.002.002,,0.00,0.00,0.00,356.00,0.00,0.00,0.00,"1,202.00",0.00,0.00,0.00,0.00,0.00
Expense,General Fund,Church Maintenance,5.004.003.000,,0.00,134.96,390.50,"1,364.19","1,410.21",413.37,105.56,139.92,"7,113.96","1,400.42",479.00,0.00,0.00
Expense,General Fund,Church Grounds,5.004.003.004,,0.00,"1,580.00","1,070.00",0.00,0.00,0.00,0.00,0.00,0.00,0.00,0.00,0.00,0.00
Expense,General Fund,Custodial Supplies,5.004.003.006,,0.00,25.16,35.51,963.00,0.00,0.00,0.00,"2,820.00",543.00,0.00,0.00,0.00,0.00
Expense,General Fund,Emergency Property Fund Contribution,5.004.003.100,,0.00,166.74,166.66,166.66,166.66,166.66,166.66,166.66,166.66,166.66,166.66,166.66,166.66
Expense,General Fund,Custodial Service,5.004.004.003,,0.00,"2,820.00","2,820.00","2,820.00","2,820.00","2,820.00","2,820.00",0.00,"2,820.00","2,820.00","2,820.00",0.00,0.00
Expense,General Fund,Office Expense,5.008.001.000,,0.00,"1,300.39","1,073.87",304.67,287.91,"1,366.10",572.59,517.47,382.91,832.71,216.51,0.00,0.00
Expense,General Fund,Social Media / Communications,5.008.001.010,,0.00,0.00,0.00,0.00,0.00,0.00,0.00,0.00,0.00,0.00,0.00,0.00,0.00
Expense,General Fund,Office Personnel Compensation,5.008.002.001,,0.00,"2,002.00","1,760.00","1,430.00","3,410.00","2,568.00","2,160.00","1,920.00","1,320.00","2,808.00","1,008.00",0.00,0.00
Expense,General Fund,Office Personnel FICA,5.008.002.002,,0.00,153.15,134.64,109.39,260.87,196.46,165.24,146.88,100.98,214.81,77.11,0.00,0.00
Expense,General Fund,Membership,5.009.003.000,,0.00,0.00,0.00,0.00,0.00,0.00,70.00,0.00,0.00,0.00,0.00,0.00,0.00
Expense,General Fund,Worship,5.009.003.050,,0.00,0.00,20.00,314.59,0.00,0.00,0.00,0.00,0.00,0.00,0.00,0.00,0.00
Expense,General Fund,Music,5.009.003.100,,0.00,675.00,375.00,625.00,"1,850.00",645.00,125.00,0.00,400.00,375.00,195.00,0.00,0.00
Expense,General Fund,Bank Service Charges,5.009.004.001,,0.00,0.87,2.88,14.07,0.00,0.00,0.00,0.00,0.00,0.00,0.00,72.00,0.00
Expense,General Fund,Payroll Services,5.009.004.009,,0.00,229.12,127.68,665.19,-44.71,134.50,151.95,141.95,132.00,217.95,75.95,0.00,0.00
Expense,General Fund,Additional Property & Search Expenses,5.009.010.001,,0.00,0.00,0.00,0.00,0.00,0.00,0.00,0.00,0.00,0.00,0.00,0.00,0.00
Expense,Outreach Fund,Outreach Fund Designated Expense,5.510.000.030,,0.00,0.00,0.00,0.00,0.00,0.00,0.00,0.00,0.00,0.00,0.00,0.00,0.00
Expense,Deacons Fund,Deacons Fund Expense,5.515.000.000,,0.00,0.00,0.00,800.00,420.00,0.00,0.00,110.59,0.00,0.00,0.00,0.00,0.00
Expense,Adopt a Family,Adopt A Family Expense,5.520.002.000,,0.00,0.00,0.00,0.00,0.00,0.00,0.00,0.00,0.00,0.00,0.00,0.00,0.00
Expense,Adopt a Vet,Adopt a Vet Expense,5.520.002.100,,0.00,0.00,0.00,0.00,0.00,0.00,0.00,0.00,0.00,0.00,0.00,0.00,0.00
Expense,Arlington Food Pantry Fund,Arlington Food Pantry Fund Expense,5.520.004.000,,0.00,0.00,0.00,0.00,0.00,0.00,0.00,0.00,0.00,0.00,0.00,0.00,0.00
Expense,Designated Gift ,Designated Gift Expense,5.520.008.050,,0.00,0.00,"1,630.00",642.22,"1,115.51",300.00,0.00,0.00,387.88,0.00,0.00,0.00,0.00
Expense,Departure Gift ,Departure Gift Expense,5.520.008.100,,0.00,0.00,0.00,0.00,0.00,0.00,0.00,0.00,0.00,0.00,0.00,0.00,0.00
Expense,Environmental Stewardship ,Environmental Stewardship Expense,5.520.010.050,,0.00,0.00,0.00,0.00,0.00,0.00,0.00,0.00,0.00,0.00,0.00,0.00,0.00
Expense,Flower Fund ,Flower Fund Expense,5.520.013.050,,0.00,164.00,244.00,"1,053.00",190.00,210.00,165.00,214.00,120.00,210.00,0.00,0.00,0.00
Expense,Hospitality Fund ,Hospitality Fund Expense,5.520.019.000,,0.00,896.76,0.00,202.47,264.06,336.07,0.00,0.00,359.43,272.49,0.00,0.00,0.00
Expense,Housing Corp. of Arlington ,Housing Corp. of Arlington Expense,5.520.019.010,,0.00,0.00,0.00,0.00,0.00,0.00,0.00,0.00,0.00,0.00,0.00,0.00,0.00
Expense,Relief Fund ,Relief Fund Expense,5.520.019.020,,0.00,0.00,0.00,0.00,0.00,0.00,0.00,0.00,0.00,0.00,0.00,0.00,0.00
Expense,Music Fund ,Music Fund Expense,5.520.023.050,,0.00,0.00,200.00,0.00,200.00,0.00,0.00,0.00,353.95,200.00,0.00,0.00,0.00
Expense,Neighbors In Need ,Neighbors In Need Expense,5.520.025.000,,0.00,0.00,0.00,0.00,0.00,0.00,0.00,0.00,0.00,0.00,0.00,0.00,0.00
Expense,One Great Hour of Sharing ,One Great Hour of Sharing Expense,5.520.027.000,,0.00,0.00,0.00,0.00,"1,450.00",0.00,0.00,0.00,0.00,0.00,0.00,0.00,0.00
Expense,Organ Restoration ,Organ Restoration Expense,5.520.028.000,,0.00,0.00,0.00,0.00,0.00,0.00,0.00,0.00,0.00,0.00,0.00,0.00,0.00
Expense,Prepaid Pledges ,Prepaid Pledges Expense,5.520.028.001,,0.00,0.00,0.00,0.00,0.00,0.00,0.00,0.00,0.00,0.00,0.00,0.00,0.00
Expense,Parental Leave Fund,Parental Leave Fund Expense,5.520.028.010,,0.00,0.00,0.00,0.00,0.00,0.00,0.00,0.00,0.00,0.00,0.00,0.00,0.00
Expense,Sabbatical Fund ,Sabbatical Fund Expense,5.520.028.100,,0.00,0.00,0.00,0.00,0.00,0.00,0.00,0.00,0.00,0.00,0.00,0.00,0.00
Expense,Sarah's Circle ,Sarah's Circle Expense,5.520.028.200,,0.00,0.00,0.00,0.00,0.00,0.00,0.00,0.00,0.00,0.00,0.00,0.00,0.00
Expense,Special Event ,Special Event Expense,5.520.030.500,,0.00,0.00,0.00,0.00,0.00,0.00,0.00,0.00,0.00,0.00,0.00,0.00,0.00
Expense,UCC Christmas Fund ,UCC Christmas Fund Expense,5.520.031.100,,0.00,810.00,0.00,0.00,0.00,0.00,0.00,0.00,0.00,0.00,0.00,0.00,0.00
Expense,Women's Guild ,Women's Guild Expense,5.520.032.100,,0.00,0.00,0.00,0.00,0.00,0.00,0.00,0.00,0.00,0.00,0.00,0.00,0.00
Expense,Youth Fund ,Youth Fund Expense,5.520.033.000,,0.00,0.00,0.00,141.73,0.00,0.00,0.00,0.00,0.00,0.00,0.00,0.00,0.00
Expense,Memorial Fund,Memorial Fund Expense,5.535.000.000,,0.00,0.00,0.00,0.00,0.00,0.00,0.00,0.00,0.00,0.00,0.00,0.00,0.00
Expense,Crockett Memorial ,Crockett Memorial Expense,5.535.020.010,,0.00,0.00,0.00,0.00,0.00,0.00,0.00,0.00,0.00,0.00,0.00,0.00,0.00
Expense,Hayes Memorial ,Hayes Memorial Expense,5.535.030.000,,0.00,0.00,0.00,0.00,0.00,0.00,0.00,0.00,0.00,0.00,0.00,0.00,0.00
Expense,Jackson Legacy ,Jackson Legacy Expense,5.535.034.000,,0.00,0.00,0.00,0.00,0.00,0.00,0.00,0.00,0.00,0.00,0.00,0.00,0.00
Expense,Jennings Memorial ,Jennings Memorial Expense,5.535.034.010,,0.00,0.00,0.00,0.00,0.00,0.00,0.00,0.00,0.00,0.00,0.00,0.00,0.00
Expense,Skinner/Hall Memorial ,Skinner/Hall Memorial Expense,5.535.063.000,,0.00,0.00,0.00,0.00,0.00,0.00,0.00,0.00,0.00,0.00,0.00,0.00,0.00
Expense,Legacy Fund,Legacy Fund Expense,5.545.000.000,,0.00,0.00,0.00,0.00,0.00,0.00,0.00,0.00,0.00,0.00,0.00,0.00,0.00
Expense,Capital Fund,Capital Fund Expense,5.560.000.000,,0.00,0.00,0.00,0.00,0.00,0.00,0.00,0.00,0.00,0.00,0.00,0.00,0.00
Expense,Roof Self-Loan,Roof Self-Loan Expense,5.560.000.100,,0.00,0.00,0.00,0.00,0.00,0.00,0.00,0.00,0.00,0.00,0.00,0.00,0.00
Expense,Capital Campaign 2009 Fund,Capital Campaign 2009 Fund Expense,5.565.000.000,,0.00,0.00,0.00,0.00,0.00,0.00,0.00,0.00,0.00,0.00,0.00,0.00,0.00
Expense,Emergency Property Fund,Emergency Property Fund Expense,5.567.000.000,,0.00,0.00,0.00,0.00,0.00,0.00,0.00,0.00,0.00,0.00,0.00,0.00,0.00
Expense,PSCC Legacy Fund,PSCC Legacy Fund Expense,5.595.000.000,,0.00,0.00,0.00,0.00,0.00,0.00,0.00,0.00,0.00,0.00,0.00,0.00,0.00
Expense,Jackson Legacy Return,Jackson Legacy Return Expense,5.700.020.000,,0.00,0.00,0.00,"1,531.93",0.00,0.00,0.00,0.00,0.00,0.00,0.00,0.00,0.00
Expense,Crockett Memorial Return,Crockett Memorial Return Expense,5.700.040.000,,0.00,0.00,0.00,0.00,0.00,0.00,0.00,0.00,0.00,0.00,0.00,0.00,0.00
Expense,Hayes Memorial Return,Hayes Memorial Return Expense,5.700.060.000,,0.00,0.00,0.00,769.73,0.00,0.00,923.97,0.00,0.00,361.29,0.00,0.00,0.00
Expense,Jennings Memorial Return,Jennings Memorial Return Expense,5.700.080.000,,0.00,0.00,0.00,36.08,0.00,0.00,25.30,0.00,0.00,0.00,0.00,0.00,0.00
Expense,Skinner/Hall Memorial Return,Skinner/Hall Memorial Return Expense,5.700.120.000,,0.00,0.00,0.00,27.18,0.00,0.00,32.63,0.00,0.00,12.76,0.00,0.00,0.00
Expense,Smith Memorial Return,Smith Memorial Return Expense,5.700.140.000,,0.00,4.85,4.38,0.00,0.00,0.00,0.00,0.00,0.00,0.00,0.00,0.00,0.00
Expense,Legacy Return ,Legacy Return Expense,5.700.160.000,,0.00,0.00,0.00,"3,151.30",0.00,0.00,"2,023.47",0.00,0.00,791.21,0.00,0.00,0.00
Expense,Memorial Return,Memorial Return Expense,5.700.170.000,,0.00,0.00,0.00,551.99,0.00,0.00,485.83,0.00,0.00,0.00,0.00,0.00,0.00
Expense,Capital Campaign 2009 Return,Capital Campaign 2009 Return Expense,5.700.180.000,,0.00,0.00,0.00,407.16,0.00,0.00,108.93,0.00,0.00,16.07,0.00,0.00,0.00
Expense,PSCC Legacy Return,PSCC Legacy Return Expense,5.700.200.000,,0.00,0.00,0.00,"1,881.71",0.00,0.00,"1,582.32",0.00,0.00,0.00,0.00,0.00,0.00
